temperatureMax,apparentTemperatureMin,windBearing,dewPoint,cloudCover,windSpeed,temperatureMin,apparentTemperatureMax,pressure,visibility,precipType,humidity,uvIndex,energy_sum,holiday_id,cluster2,cluster3,cluster4,cluster5,cluster6
10.36,2.18,229.0,6.29,0.36,2.04,3.81,10.36,1027.12,8.06,0,0.93,1.0,90.38500010000001,0,1,2,3,4,3
12.93,7.01,204.0,8.56,0.41,4.04,8.56,12.93,1027.22,10.64,0,0.89,1.0,213.41199989999998,0,1,2,3,4,3
13.03,4.84,243.0,7.24,0.48,5.02,7.46,13.03,1024.47,12.38,0,0.79,1.0,303.9929999,0,1,2,3,4,3
12.96,4.69,237.0,6.96,0.44,5.75,7.01,12.96,1025.8,13.07,0,0.81,1.0,420.97599970000005,0,1,2,3,4,3
13.54,2.94,256.0,5.76,0.42,5.48,4.47,13.54,1021.11,13.08,0,0.72,1.0,444.8830006,0,1,2,3,0,3
12.58,1.31,190.0,4.39,0.56,2.34,1.31,12.58,1022.8,11.84,0,0.86,1.0,500.68599980000005,0,1,2,3,0,3
13.47,3.39,213.0,8.61,0.6,6.48,6.37,13.47,1009.7,12.57,0,0.82,1.0,584.3170005,0,1,2,3,4,3
11.87,3.34,205.0,5.26,0.31,4.43,6.34,11.87,1019.43,13.05,0,0.78,1.0,669.827,0,1,2,3,0,3
12.15,5.29,225.0,6.87,0.57,2.57,6.08,12.15,1007.12,12.15,0,0.82,1.0,848.9490005,0,1,2,3,4,3
8.07,0.46,232.0,3.69,0.32,3.0,2.56,5.33,1012.12,11.89,0,0.87,1.0,1014.5910005000001,0,1,2,0,0,3
11.42,4.71,247.0,6.58,0.54,5.42,8.12,11.42,1003.55,12.7,0,0.79,1.0,1185.8300002,0,1,2,3,4,3
9.11,1.03,254.0,4.87,0.36,4.31,4.69,6.66,1001.15,13.36,0,0.82,1.0,1337.9440002000001,0,1,2,0,0,3
6.87,-1.69,254.0,0.84,0.2,5.57,2.81,3.13,1006.01,13.0,0,0.77,1.0,1336.8240004000002,0,1,2,0,0,3
6.91,-1.61,245.0,2.15,0.34,4.79,2.68,3.77,1007.32,13.15,0,0.83,1.0,1540.891,0,1,2,0,0,3
9.02,0.94,263.0,1.79,0.29,7.06,4.91,5.14,1008.76,13.12,0,0.68,1.0,1655.1830005,0,1,2,0,0,3
12.89,0.63,234.0,5.96,0.53,7.01,4.27,12.89,1010.84,12.59,0,0.81,1.0,1924.6999997,0,1,2,3,0,3
7.68,-1.42,255.0,0.41,0.15,5.65,2.03,3.99,1010.6,12.83,0,0.71,1.0,2163.8099997,0,1,2,0,0,3
6.08,-3.42,247.0,-0.34,0.17,3.08,-0.13,3.14,1015.58,12.83,0,0.81,1.0,2539.3939995,0,1,2,0,0,3
8.59,0.11,198.0,4.49,0.56,3.94,2.48,5.72,1007.71,12.09,0,0.88,1.0,2763.5840016,0,1,2,0,0,3
9.82,-0.64,221.0,4.1,0.38,5.02,3.09,5.94,1002.47,12.05,0,0.84,1.0,2581.6229998,0,1,2,0,0,3
12.08,0.22,233.0,3.62,0.42,7.44,4.54,12.08,990.27,12.55,0,0.75,1.0,2678.4680002,0,1,2,0,0,3
5.92,0.78,228.0,1.68,0.36,4.48,4.14,2.88,994.48,13.2,0,0.79,1.0,2875.1240002,0,1,2,0,0,3
7.97,1.07,234.0,2.41,0.42,4.71,4.08,4.38,996.75,12.79,0,0.77,1.0,3101.3840014,0,1,2,0,0,3
4.68,-2.65,315.0,1.6,0.7,3.71,1.8,0.99,988.1,10.96,0,0.88,1.0,3504.5329971,0,1,2,0,0,1
5.35,-3.56,285.0,0.96,0.37,3.99,0.24,1.72,1008.46,11.64,0,0.86,1.0,3783.3509991,0,1,2,0,0,3
5.49,-4.12,289.0,-0.31,0.22,3.6,-0.56,1.98,1016.37,13.04,0,0.84,1.0,4125.0359997,0,1,2,0,0,3
6.64,-3.67,235.0,2.45,0.47,2.7,-0.84,4.02,1014.39,10.43,0,0.94,1.0,4270.0860012,0,1,2,0,0,3
8.26,1.68,279.0,3.64,0.48,4.25,5.66,4.98,1015.09,12.89,0,0.81,1.0,4181.2959978,0,1,2,0,0,3
12.14,3.84,266.0,8.6,0.67,2.9,5.93,12.14,1017.91,9.41,0,0.94,0.0,4239.850999300001,0,1,2,3,4,2
12.14,5.37,257.0,8.07,0.38,4.31,8.08,12.14,1024.71,12.99,0,0.87,1.0,4345.0609986,0,1,2,3,4,3
11.44,0.99,247.0,7.08,0.74,4.85,5.28,11.44,1017.67,12.36,0,0.85,0.0,4632.3860013,0,1,2,3,4,3
8.22,-0.51,252.0,2.79,0.37,4.46,3.17,5.32,1028.17,13.16,0,0.8,1.0,4938.6899995,0,1,2,0,0,3
11.98,5.93,237.0,7.9,0.88,5.81,8.67,11.98,1028.45,13.99,0,0.83,0.0,4894.8839985,0,1,2,3,4,3
12.91,6.91,236.0,8.88,0.81,5.44,9.82,12.91,1033.14,13.23,0,0.84,1.0,4182.7880009,0,1,2,3,4,3
10.33,5.59,225.0,5.47,0.85,3.54,8.03,10.33,1032.76,13.39,0,0.74,0.0,4345.089,0,1,2,3,4,3
11.19,1.84,239.0,4.89,0.46,6.02,5.95,11.19,1021.31,12.83,0,0.77,1.0,4562.9839984,0,1,2,3,0,3
9.58,0.98,258.0,3.3,0.45,6.83,5.31,6.46,1020.47,13.13,0,0.76,1.0,4882.2579993,0,1,2,0,0,3
10.27,1.71,260.0,4.12,0.56,3.71,5.33,10.27,1016.85,11.06,0,0.84,1.0,5098.1300013,0,1,2,3,0,3
12.57,10.66,250.0,9.87,0.76,5.46,10.66,12.57,1010.02,13.33,0,0.89,0.0,5111.204998900001,0,1,2,3,4,3
12.59,4.86,227.0,9.45,0.58,4.92,7.71,12.59,1004.82,12.33,0,0.9,1.0,5123.6349993,0,1,2,3,4,3
7.57,0.87,237.0,2.8,0.21,4.81,4.69,4.8,1008.49,13.23,0,0.81,1.0,5242.199999500001,0,1,2,0,0,3
12.41,1.73,234.0,5.73,0.48,8.47,5.96,12.41,1003.23,10.8,0,0.82,1.0,5327.0109997,0,1,2,3,0,3
9.33,0.79,253.0,3.38,0.49,7.98,5.27,4.77,1014.07,12.62,0,0.78,1.0,5351.2790004,0,1,2,0,0,3
11.46,3.67,283.0,4.28,0.47,9.49,7.34,11.46,1004.74,12.92,0,0.7,1.0,5409.0409999,0,1,2,0,0,3
9.18,1.64,274.0,3.39,0.45,3.93,4.4,6.13,1023.65,12.96,0,0.78,1.0,5380.4000012,0,1,2,0,0,3
10.34,4.72,274.0,4.47,0.6,5.65,7.6,10.34,1021.72,13.45,0,0.72,1.0,5412.5550028,0,1,2,3,0,3
9.62,5.52,275.0,4.46,0.73,3.56,8.12,8.09,1026.57,13.13,0,0.75,1.0,5666.3259983,0,1,2,3,4,3
12.33,5.51,256.0,7.61,0.68,4.05,7.74,12.33,1029.61,12.47,0,0.84,1.0,5290.8459993,0,1,2,3,4,3
11.29,7.25,246.0,7.92,0.72,3.76,9.16,11.29,1033.21,12.42,0,0.87,1.0,5137.7699968,0,1,2,3,4,3
11.19,4.79,248.0,6.53,0.53,3.98,7.1,11.19,1032.94,13.05,0,0.84,1.0,5139.9380006,0,1,2,3,4,3
12.4,2.86,265.0,5.51,0.46,4.35,5.08,12.4,1027.85,13.12,0,0.81,1.0,5232.661999800001,0,1,2,3,0,3
6.41,0.08,328.0,1.34,0.16,1.61,1.2,4.61,1032.84,11.83,0,0.83,1.0,5459.9219979,0,1,2,0,0,3
6.01,-1.79,86.0,-0.3,0.14,0.99,-1.79,5.77,1030.1,10.54,0,0.86,1.0,5924.8750006,0,1,2,0,0,3
6.27,-1.38,105.0,-0.41,0.32,3.03,1.16,2.97,1024.8,12.33,0,0.78,1.0,6162.3379973,0,1,2,0,0,3
6.56,-1.97,97.0,-1.64,0.23,2.45,0.83,4.18,1025.48,10.98,0,0.74,1.0,5832.3700005,0,1,2,0,0,3
5.79,-3.24,171.0,-0.09,0.34,1.43,-1.45,5.21,1027.71,10.61,0,0.83,1.0,5956.9149997,0,1,2,0,0,3
11.92,2.05,224.0,8.14,0.76,4.2,4.51,11.92,1023.93,6.28,0,0.93,1.0,5806.3010008,0,1,2,3,4,2
11.51,3.28,261.0,7.16,0.56,5.23,6.91,11.51,1018.64,11.33,0,0.85,1.0,5695.4889984,0,1,2,3,4,3
10.05,0.73,266.0,4.23,0.47,6.18,4.91,10.05,1019.26,12.99,0,0.78,1.0,6135.8529989,0,1,2,0,0,3
12.35,4.21,270.0,5.84,0.59,7.17,7.61,12.35,1012.5,13.36,0,0.75,1.0,6278.6479999,0,1,2,3,4,3
11.8,2.14,274.0,2.65,0.37,5.93,6.0,11.8,1014.29,13.15,0,0.68,1.0,6764.3539985,0,1,2,0,0,3
8.4,0.91,273.0,2.57,0.36,3.89,3.46,5.67,1018.88,13.04,0,0.78,1.0,6420.588997700001,0,1,2,0,0,3
9.77,-1.04,228.0,5.17,0.6,2.13,1.94,8.56,1019.33,7.92,0,0.95,1.0,6642.0819997,0,1,2,3,0,2
9.76,5.72,216.0,7.59,0.81,3.56,8.59,8.59,1015.27,10.38,0,0.9,1.0,6615.692002700001,0,1,2,3,4,2
9.54,-0.23,214.0,4.04,0.51,4.51,3.15,6.9,1009.15,12.71,0,0.8,1.0,6594.3049985,0,1,2,0,0,3
8.68,-0.42,239.0,1.44,0.25,3.33,2.93,6.15,1019.12,13.0,0,0.78,1.0,6809.7039997,0,1,2,0,0,3
6.46,1.08,359.0,2.25,0.57,2.56,3.27,4.04,1027.99,11.51,0,0.86,1.0,7405.8480011,0,1,2,0,0,3
4.5,-0.24,45.0,1.43,0.77,1.62,1.87,2.68,1030.78,6.73,0,0.89,1.0,7826.682997,0,1,2,0,0,2
3.98,0.03,28.0,-0.85,0.55,1.54,1.24,2.42,1026.05,9.29,0,0.79,1.0,7627.2719991,0,1,2,0,0,3
2.13,-2.95,45.0,-1.22,0.55,2.36,-0.54,1.13,1026.13,5.62,0,0.84,1.0,8070.3910008,0,1,2,0,0,2
3.36,-5.98,53.0,-4.69,0.36,5.45,-0.92,-1.86,1032.32,11.41,1,0.67,1.0,8150.8289979,1,1,0,2,1,5
1.41,-6.49,47.0,-7.84,0.29,4.71,-1.76,-3.78,1035.76,13.05,1,0.59,1.0,8736.229997100001,0,1,0,2,1,5
1.54,-5.77,348.0,-6.19,0.36,2.2,-2.19,-1.67,1039.19,12.89,1,0.67,1.0,9104.8389978,0,1,0,2,1,5
0.79,-5.9,163.0,-4.19,0.58,2.13,-3.27,-2.32,1036.05,8.64,1,0.8,1.0,9607.721994900001,0,1,0,2,1,5
1.81,-4.68,168.0,0.28,0.85,0.93,-0.12,1.81,1027.42,4.18,0,0.96,1.0,10106.111001000001,0,1,2,0,0,2
4.08,0.15,94.0,1.11,0.79,0.56,1.39,4.08,1033.06,3.28,0,0.92,1.0,9200.583,0,1,2,0,0,2
2.63,-7.99,66.0,-3.58,0.58,2.66,-2.83,1.92,1039.95,8.92,0,0.75,1.0,9259.8050038,0,1,2,0,0,3
0.73,-6.87,39.0,-3.72,0.89,3.92,-2.1,-3.19,1040.92,12.55,1,0.78,1.0,10242.814000100001,0,1,0,2,1,5
1.79,-3.7,50.0,-2.67,0.75,0.84,-0.96,1.79,1039.26,9.75,1,0.81,1.0,9808.0709993,0,1,0,2,1,5
1.21,-5.24,104.0,-3.39,0.47,2.13,-2.96,-0.54,1038.18,8.38,1,0.81,1.0,10166.6179966,0,1,0,2,1,5
1.93,-5.64,19.0,-5.69,0.04,0.92,-5.64,1.93,1036.81,6.98,1,0.78,1.0,10411.5740047,0,1,0,2,1,5
4.84,-6.26,307.0,-1.04,0.59,1.78,-4.46,2.73,1034.52,4.91,0,0.88,1.0,11115.044001,0,1,2,0,0,3
6.58,-1.33,304.0,2.69,0.65,3.23,1.09,3.42,1027.34,7.79,0,0.9,1.0,10128.259001100001,0,1,2,0,0,3
8.42,1.06,325.0,2.39,0.57,4.34,4.54,5.84,1024.57,12.73,0,0.76,1.0,9734.700997400001,0,1,2,0,0,3
10.61,3.46,317.0,4.01,0.59,5.39,6.93,10.61,1025.18,13.13,0,0.73,1.0,9464.2569981,0,1,2,3,0,3
10.61,3.44,284.0,3.44,0.51,3.42,5.47,10.61,1027.4,13.26,0,0.74,1.0,9230.9059987,0,1,2,0,0,3
11.83,4.96,251.0,6.82,0.59,3.64,7.13,11.83,1023.17,12.1,0,0.84,1.0,9157.1040005,0,1,2,3,4,3
10.76,-1.07,249.0,4.27,0.53,5.95,3.2,10.76,1012.6,12.92,0,0.79,1.0,9560.5260024,0,1,2,0,0,3
6.35,-1.92,304.0,-2.96,0.17,3.81,0.62,3.63,1024.14,13.1,0,0.64,1.0,10151.2169999,0,1,2,0,0,3
8.44,-4.67,224.0,-1.73,0.33,3.42,-1.9,5.37,1032.06,12.92,0,0.7,1.0,10032.9250027,0,1,2,0,0,3
11.65,2.74,237.0,4.36,0.66,4.83,5.72,11.65,1028.85,13.37,0,0.76,1.0,9669.3640023,0,1,2,3,0,3
10.47,3.94,222.0,6.12,0.78,6.68,7.48,10.47,1024.07,12.07,0,0.84,1.0,10049.214001100001,0,1,2,3,4,3
16.98,10.34,256.0,10.29,0.5,4.73,10.34,16.98,1022.96,12.38,0,0.84,1.0,9193.104002,0,0,1,3,4,3
14.43,7.01,258.0,8.44,0.6,4.35,9.55,14.43,1027.25,12.21,0,0.83,1.0,9249.6230013,0,1,2,3,4,3
12.11,5.93,310.0,3.28,0.51,2.18,6.97,12.11,1027.58,12.83,0,0.67,2.0,9503.8919978,0,1,2,3,0,3
12.67,1.82,260.0,3.37,0.28,1.43,3.26,12.67,1028.24,12.36,0,0.74,2.0,10017.5979984,0,1,2,0,0,3
11.15,3.69,247.0,6.44,0.67,3.68,6.27,11.15,1024.91,11.09,0,0.85,1.0,9988.8699955,0,1,2,3,4,3
13.86,8.12,257.0,8.89,0.66,2.71,9.73,13.86,1023.97,8.71,0,0.86,2.0,9578.6740002,0,1,2,3,4,2
12.74,8.36,228.0,8.31,0.54,2.47,9.61,12.74,1024.65,7.77,0,0.85,1.0,9708.5509957,0,1,2,3,4,2
15.11,6.16,289.0,6.67,0.11,1.03,6.49,15.11,1026.15,6.08,0,0.8,2.0,9558.598999400001,0,1,2,3,4,3
8.39,4.77,84.0,5.9,0.66,2.11,5.69,8.23,1025.57,2.9,0,0.91,2.0,10224.230000200001,0,1,2,3,4,2
14.29,5.29,206.0,6.42,0.55,3.5,7.06,14.29,1018.94,7.44,0,0.82,2.0,10559.8529995,0,1,2,3,4,2
9.32,-0.88,270.0,4.87,0.65,2.19,3.92,7.01,1016.56,10.36,0,0.9,1.0,11645.9329997,0,1,2,0,0,3
9.37,-1.21,318.0,-0.17,0.48,8.01,4.04,5.56,1021.21,13.07,0,0.64,2.0,11101.2879981,0,1,2,0,0,3
7.22,-0.25,317.0,1.63,0.55,1.93,3.74,7.22,1025.17,12.55,0,0.78,2.0,11569.9239985,0,1,2,0,0,3
10.75,1.87,242.0,3.86,0.46,4.26,5.14,10.75,1017.5,11.8,0,0.78,2.0,11456.4409945,0,1,2,0,0,3
12.03,-0.33,275.0,1.64,0.29,3.54,3.26,12.03,1030.58,12.96,0,0.68,2.0,10936.7969952,0,1,2,0,0,3
10.86,4.48,241.0,5.51,0.64,4.01,6.74,10.86,1034.68,13.02,0,0.78,2.0,11160.1160028,0,1,2,3,4,3
15.39,6.66,279.0,8.37,0.53,3.15,8.74,15.39,1036.42,11.17,0,0.81,2.0,11030.6550032,0,0,1,3,4,3
15.55,6.04,304.0,7.37,0.38,1.25,6.82,15.55,1036.86,10.59,0,0.81,2.0,11145.2880031,0,0,1,3,4,3
13.86,4.46,355.0,6.53,0.41,1.02,5.43,13.86,1035.0,4.76,0,0.87,2.0,10361.4270008,0,1,2,3,4,2
10.89,4.71,73.0,5.45,0.79,1.55,6.36,10.89,1034.58,6.08,0,0.86,2.0,10579.0040019,0,1,2,3,4,2
12.41,3.37,108.0,4.08,0.54,2.03,5.03,12.41,1031.31,6.61,0,0.8,2.0,10772.6629986,0,1,2,3,4,2
16.79,1.59,205.0,5.72,0.32,1.41,2.82,16.79,1024.51,3.2,0,0.82,3.0,11024.7819983,0,1,2,3,4,2
9.75,6.07,234.0,5.04,0.89,4.2,8.5,7.32,1018.93,9.4,0,0.76,2.0,11682.8399989,0,1,2,3,4,3
10.75,5.11,204.0,6.99,0.52,3.44,7.37,10.75,1012.96,9.3,0,0.87,2.0,12305.5110002,0,1,2,3,4,2
9.76,1.58,307.0,3.89,0.38,1.84,3.98,8.03,1017.33,11.57,0,0.82,2.0,12641.6590003,0,1,2,0,0,3
13.27,-0.32,267.0,1.41,0.17,2.68,1.69,13.27,1032.01,11.46,0,0.68,3.0,11840.9169972,0,1,2,0,0,3
14.48,1.97,259.0,4.41,0.34,2.42,4.33,14.48,1034.75,13.05,0,0.72,2.0,11728.8880043,0,1,2,3,0,3
15.62,5.38,70.0,4.93,0.47,1.87,7.44,15.62,1034.03,12.6,0,0.67,3.0,11657.0790001,0,0,1,3,2,3
15.81,3.51,80.0,5.28,0.1,3.71,6.14,15.81,1029.23,6.63,0,0.72,3.0,11674.3059955,0,1,2,3,4,3
19.48,6.74,88.0,7.29,0.07,1.01,6.74,19.48,1026.63,5.05,0,0.74,3.0,11956.156995000001,0,0,1,3,2,2
18.83,6.42,83.0,6.81,0.08,2.12,6.42,18.83,1028.59,6.12,0,0.74,3.0,12160.822000600001,0,0,1,3,2,3
13.79,2.47,70.0,4.69,0.39,2.58,4.4,13.79,1033.5,9.0,0,0.78,3.0,12719.7530023,0,1,2,3,4,3
18.18,2.4,77.0,4.3,0.15,2.85,3.84,18.18,1036.22,8.16,0,0.71,3.0,12011.9020022,0,0,1,3,2,3
18.26,4.77,76.0,1.49,0.14,2.09,5.32,18.26,1036.33,11.64,0,0.53,3.0,11643.8829984,0,0,1,1,2,3
21.14,4.88,9.0,1.45,0.1,0.82,4.88,21.14,1032.69,12.62,0,0.49,3.0,11703.841003200001,0,0,1,1,2,3
19.16,5.82,329.0,5.11,0.19,1.76,6.89,19.16,1027.92,10.85,0,0.61,4.0,11490.5100003,0,0,1,1,2,3
17.12,6.71,314.0,6.67,0.16,1.28,7.81,17.12,1024.2,7.5,0,0.71,3.0,11492.2810011,0,0,1,3,2,3
11.09,4.29,15.0,3.71,0.61,3.31,6.58,11.09,1019.84,11.22,0,0.71,3.0,12862.4179994,0,1,2,3,4,3
12.88,1.12,342.0,-0.04,0.25,1.15,2.43,12.88,1020.81,12.83,0,0.61,3.0,13271.955999900001,0,1,2,0,0,3
15.04,3.98,289.0,2.18,0.24,1.14,3.98,15.04,1011.19,12.46,0,0.63,3.0,12586.533995400001,0,1,2,0,0,3
12.92,5.04,262.0,4.77,0.31,1.72,5.04,12.92,1003.25,11.12,0,0.75,3.0,13122.631001,0,1,2,3,0,3
10.18,1.87,100.0,3.03,0.49,1.03,3.57,10.18,1006.81,11.47,0,0.75,3.0,13499.7730018,0,1,2,0,0,3
8.92,2.59,53.0,3.06,0.7,4.6,4.61,6.47,1018.58,9.64,0,0.76,3.0,14275.2579984,0,1,2,3,0,3
12.28,-1.43,321.0,0.39,0.35,2.48,0.34,12.28,1016.01,13.05,0,0.65,3.0,14166.7920061,1,1,2,0,3,4
10.48,6.42,2.0,4.36,0.72,2.09,6.86,10.48,1012.32,11.64,0,0.75,3.0,13829.7639992,0,1,2,3,4,3
13.08,4.57,245.0,6.43,0.72,2.85,6.52,13.08,1012.36,10.83,0,0.81,3.0,14225.8859987,0,1,2,3,4,3
10.81,5.58,222.0,7.97,0.72,5.9,8.31,10.81,997.57,11.15,0,0.89,3.0,14258.770001300001,0,1,2,3,4,3
12.9,2.8,238.0,3.93,0.37,5.0,5.94,12.9,990.03,13.18,0,0.7,4.0,13588.5529993,0,1,2,0,0,3
12.91,1.97,250.0,2.74,0.31,1.67,3.57,12.91,996.99,13.1,0,0.7,4.0,14119.7639964,0,1,2,0,0,3
12.13,2.56,266.0,4.07,0.32,1.31,3.68,12.13,1002.96,12.02,0,0.77,4.0,14596.467000300001,0,1,2,0,0,3
12.02,2.81,9.0,3.93,0.45,0.65,3.97,12.02,1005.09,8.8,0,0.77,4.0,14815.5060032,0,1,2,3,4,2
11.62,3.66,38.0,3.07,0.47,3.41,5.67,11.62,1007.83,10.62,0,0.72,4.0,15362.4070013,0,1,2,3,0,3
9.12,-0.3,4.0,0.21,0.25,4.65,3.3,6.16,1019.5,13.33,0,0.66,4.0,16667.267002,0,1,2,0,0,3
10.94,-0.22,274.0,-1.87,0.37,0.59,1.96,10.94,1024.8,12.78,0,0.59,4.0,16168.6310018,0,1,2,0,0,3
13.77,1.82,213.0,2.85,0.42,4.94,5.16,13.77,1002.45,12.55,0,0.71,4.0,16977.2919989,0,1,2,0,0,3
10.01,2.76,174.0,5.74,0.6,5.1,6.27,10.01,982.22,11.86,0,0.87,3.0,17798.1860032,0,1,2,3,4,3
9.93,3.41,256.0,6.34,0.67,3.78,6.47,8.05,984.05,10.7,0,0.91,4.0,18145.6230022,0,1,2,3,4,2
12.46,2.92,244.0,5.19,0.37,3.28,5.34,12.46,993.06,11.52,0,0.83,4.0,17916.4219996,0,1,2,3,0,3
12.45,1.57,261.0,3.41,0.35,3.63,3.78,12.45,997.0,12.76,0,0.73,4.0,18058.704998,0,1,2,0,0,3
14.03,2.21,239.0,4.69,0.29,4.35,4.76,14.03,1002.51,13.12,0,0.78,4.0,18821.7139962,0,1,2,0,0,3
9.67,4.53,130.0,5.63,0.63,2.4,6.89,7.28,995.32,11.68,0,0.86,4.0,18552.9709988,0,1,2,3,4,3
12.48,4.03,329.0,4.68,0.57,2.91,6.99,12.48,996.88,11.75,0,0.76,4.0,18690.7389993,0,1,2,3,4,3
11.94,2.27,157.0,6.86,0.57,5.44,6.55,11.94,988.28,11.22,0,0.88,4.0,20039.3240011,0,1,2,3,4,3
13.89,5.94,208.0,6.93,0.56,7.61,9.23,13.89,993.73,12.5,0,0.77,4.0,19379.3840003,0,1,2,3,4,3
14.84,6.84,213.0,7.23,0.49,4.14,9.28,14.84,1009.84,12.92,0,0.77,4.0,19492.9649986,0,0,1,3,4,3
10.03,2.18,37.0,7.3,0.74,4.9,6.46,10.03,1014.81,9.06,0,0.92,4.0,21802.2870051,0,1,2,3,4,2
14.89,1.49,74.0,6.86,0.7,4.98,5.99,14.89,1004.79,10.28,0,0.86,4.0,23521.635999000002,0,1,2,3,4,2
17.15,6.21,110.0,7.05,0.32,4.69,8.68,17.15,1012.09,13.13,0,0.68,5.0,19711.5680002,0,0,1,1,2,0
17.24,11.28,81.0,10.76,0.61,1.85,11.28,17.24,1015.82,9.29,0,0.84,4.0,20052.4620024,0,0,1,3,4,2
13.81,7.76,350.0,8.57,0.78,3.3,9.73,13.81,1019.49,8.66,0,0.85,4.0,20800.0400005,0,0,2,3,4,2
9.19,5.92,15.0,7.14,0.82,2.7,7.99,7.73,1012.04,9.04,0,0.9,4.0,22983.438994,0,1,2,3,4,2
9.02,5.89,12.0,5.93,0.78,2.56,7.38,7.18,1006.82,10.57,0,0.86,4.0,23376.2289961,0,1,2,3,4,2
9.71,2.99,39.0,2.9,0.63,4.28,6.21,7.42,1009.49,13.15,0,0.73,4.0,24115.7540043,0,1,2,0,0,3
8.37,3.19,43.0,2.79,0.73,2.75,5.72,7.04,1013.88,13.1,0,0.75,4.0,25069.8159972,1,1,2,0,3,4
14.48,4.48,160.0,6.55,0.52,2.54,5.2,14.48,1014.29,11.64,0,0.82,4.0,24799.333000000002,0,1,2,3,4,3
17.24,10.43,196.0,10.02,0.51,3.13,10.43,17.24,1007.34,12.09,0,0.82,5.0,22697.1379988,0,0,1,3,2,0
15.18,10.78,202.0,11.78,0.77,3.06,10.78,15.18,1008.41,8.14,0,0.92,4.0,23930.940002800002,0,0,1,3,4,2
17.12,14.44,213.0,13.92,0.79,6.59,14.44,17.12,1009.21,10.9,0,0.9,4.0,23786.5949998,0,0,1,3,4,0
15.88,7.43,270.0,6.23,0.45,5.09,9.37,15.88,1021.32,13.31,0,0.64,5.0,23265.2250008,0,0,1,1,2,3
14.44,3.24,343.0,1.98,0.16,2.6,5.69,14.44,1036.68,13.23,0,0.58,6.0,24573.9389998,0,0,1,1,2,3
16.26,4.6,226.0,3.74,0.19,3.29,5.49,16.26,1030.8,12.76,0,0.62,6.0,25499.5020009,0,0,1,1,2,3
11.41,4.06,229.0,6.17,0.43,4.56,6.94,11.41,1016.78,12.89,0,0.8,4.0,25471.407999400002,0,1,2,3,4,3
11.27,2.59,300.0,4.71,0.41,3.89,5.92,11.27,1015.41,12.79,0,0.81,5.0,26962.940996,0,1,2,3,0,3
13.46,1.41,283.0,2.52,0.31,2.65,3.89,13.46,1025.11,12.96,0,0.64,6.0,23553.5629985,0,0,1,1,2,3
14.06,6.22,131.0,4.54,0.42,2.52,7.11,14.06,1017.46,12.76,0,0.66,5.0,26404.8400003,0,0,1,1,2,3
15.77,7.09,105.0,8.52,0.46,2.19,9.11,15.77,1004.51,11.52,0,0.77,5.0,27501.353999,0,0,1,3,2,0
16.42,10.59,254.0,9.48,0.65,0.61,10.59,16.42,1009.32,10.12,0,0.78,5.0,27948.343999700002,0,0,1,3,4,0
12.18,6.81,20.0,7.63,0.87,4.33,9.06,12.18,1010.67,12.73,0,0.82,4.0,30409.4320006,0,1,2,3,4,2
16.22,7.07,348.0,9.33,0.75,4.53,9.32,16.22,1009.14,10.69,0,0.82,5.0,28194.4950032,0,0,1,3,4,0
24.43,11.44,339.0,12.84,0.47,3.98,11.44,24.46,1014.23,8.93,0,0.75,7.0,27028.4900003,0,0,1,1,2,0
25.37,13.47,343.0,14.32,0.17,2.18,13.47,25.43,1022.31,9.46,0,0.75,6.0,26913.8879998,0,0,1,1,2,0
25.45,15.36,43.0,15.89,0.31,1.93,15.36,25.66,1025.75,7.47,0,0.78,7.0,27115.1510014,0,0,1,1,2,0
24.14,15.81,69.0,12.14,0.09,4.88,15.81,24.14,1023.35,9.83,0,0.64,7.0,27570.6719988,0,0,1,1,2,0
24.64,15.06,76.0,10.24,0.0,5.15,15.06,24.64,1020.27,12.01,0,0.58,7.0,28215.4289973,0,0,1,1,2,0
25.98,13.55,83.0,10.22,0.13,3.3,13.55,25.98,1018.48,13.02,0,0.56,6.0,29319.4939979,0,0,1,1,2,0
25.58,13.89,264.0,12.16,0.21,0.71,13.89,25.58,1017.75,12.12,0,0.62,6.0,28499.8560026,0,0,1,1,2,0
22.37,14.25,19.0,12.93,0.33,1.06,14.25,22.37,1017.29,11.57,0,0.73,6.0,28586.0889997,0,0,1,1,2,0
24.11,12.5,216.0,12.61,0.4,2.37,12.5,24.11,1017.83,9.08,0,0.72,6.0,28805.4589965,0,0,1,1,2,0
19.54,13.7,267.0,12.02,0.48,4.31,13.7,19.54,1018.59,12.49,0,0.76,6.0,29598.6729986,0,0,1,1,2,0
20.08,13.98,320.0,12.69,0.63,0.84,13.98,20.08,1019.08,11.14,0,0.78,6.0,30278.769000700002,0,0,1,1,2,0
17.54,11.83,94.0,10.58,0.71,4.71,11.83,17.54,1014.89,9.29,0,0.81,5.0,31599.756996,0,0,1,3,4,0
12.19,10.97,91.0,10.73,0.82,4.54,10.97,12.19,1007.36,6.18,0,0.95,5.0,34793.9760016,0,1,2,3,4,2
13.89,4.48,20.0,6.87,0.56,3.37,7.64,13.89,1013.69,10.86,0,0.79,6.0,33059.6350004,1,0,1,3,3,4
15.0,7.54,160.0,8.14,0.51,3.42,7.54,15.0,1014.65,11.3,0,0.82,6.0,34515.6550041,0,0,1,3,4,0
18.13,12.52,215.0,11.78,0.52,4.58,12.52,18.13,1002.58,11.86,0,0.82,6.0,31933.458003,0,0,1,1,2,0
17.29,12.6,183.0,12.18,0.6,4.24,12.6,17.29,998.19,11.15,0,0.86,6.0,33597.3749925,0,0,1,3,4,0
15.17,12.28,221.0,9.71,0.68,8.64,12.28,15.17,998.33,12.05,0,0.78,5.0,34180.6299983,0,0,1,3,4,0
17.92,11.02,251.0,6.44,0.38,6.62,11.02,17.92,1009.44,13.12,0,0.61,6.0,33429.1320025,0,0,1,1,2,0
17.22,8.91,119.0,9.33,0.4,1.56,8.91,17.22,1008.58,11.46,0,0.78,6.0,35620.7750016,0,0,1,1,2,0
13.28,10.97,33.0,11.57,0.85,4.37,10.97,13.28,1002.0,6.37,0,0.95,5.0,37268.2230054,0,0,2,3,4,2
12.87,10.46,9.0,8.79,0.8,3.69,10.46,12.87,1008.62,11.81,0,0.83,5.0,36505.28,0,0,1,3,4,2
17.51,7.54,123.0,6.68,0.32,1.01,7.54,17.51,1016.35,12.6,0,0.67,6.0,27945.085997500002,0,0,1,1,2,0
18.08,7.79,105.0,8.21,0.35,4.6,8.7,18.08,1016.24,12.6,0,0.71,6.0,31563.7839959,0,0,1,1,2,0
17.59,12.91,201.0,11.11,0.47,4.96,12.91,17.59,1008.12,12.31,0,0.78,6.0,28245.4629964,0,0,1,1,2,0
17.47,12.57,214.0,9.73,0.57,7.3,12.57,17.47,1008.62,13.13,0,0.72,6.0,28835.0469992,0,0,1,1,2,0
19.44,12.46,228.0,9.47,0.48,4.86,12.46,19.44,1016.26,13.33,0,0.67,6.0,36371.0830048,0,0,1,1,2,0
18.87,11.17,248.0,9.48,0.43,2.39,11.17,18.87,1016.94,12.49,0,0.73,6.0,34255.8469993,0,0,1,1,2,0
20.35,10.1,225.0,9.32,0.31,1.97,10.1,20.35,1019.22,12.84,0,0.68,7.0,33553.421997900004,0,0,1,1,2,0
21.16,11.47,93.0,9.49,0.32,2.63,11.47,21.16,1016.69,12.33,0,0.64,6.0,33290.9979984,0,0,1,1,2,0
19.08,11.52,168.0,12.86,0.59,2.75,11.52,19.08,1006.07,9.83,0,0.84,5.0,34897.8810016,0,0,1,3,4,0
17.53,11.44,228.0,10.62,0.54,7.04,11.44,17.53,1010.38,12.92,0,0.78,5.0,35143.5220023,0,0,1,1,2,0
18.12,11.01,231.0,9.17,0.33,5.55,11.01,18.12,1019.39,13.23,0,0.71,6.0,35936.2359981,0,0,1,1,2,0
19.88,11.65,248.0,11.14,0.54,4.44,11.65,19.88,1012.31,12.12,0,0.77,6.0,37537.6889966,0,0,1,1,2,0
21.15,12.11,270.0,11.02,0.36,2.35,12.11,21.15,1017.44,13.18,0,0.7,6.0,34570.6700025,0,0,1,1,2,0
22.92,14.04,209.0,12.14,0.56,2.82,14.04,22.92,1019.93,12.83,0,0.69,6.0,34439.9200001,0,0,1,1,2,0
22.66,17.74,232.0,16.17,0.57,2.94,17.56,22.78,1017.53,12.44,0,0.82,6.0,34593.2529999,0,0,1,1,2,0
27.16,16.23,184.0,16.52,0.31,3.03,16.23,28.64,1005.5,12.79,0,0.75,6.0,34114.676999100004,0,0,1,1,2,0
20.96,13.96,213.0,12.33,0.44,6.24,13.96,20.96,1004.93,13.04,0,0.75,6.0,34444.3519977,0,0,1,1,2,0
20.13,13.61,215.0,11.43,0.48,5.76,13.61,20.13,1008.1,12.92,0,0.71,6.0,34421.8950024,0,0,1,1,2,0
17.88,11.01,234.0,9.31,0.31,5.06,11.01,17.88,1014.12,13.2,0,0.7,6.0,36555.6520034,0,0,1,1,2,0
17.58,12.47,192.0,12.17,0.56,4.51,12.47,17.58,1015.49,11.97,0,0.83,6.0,36552.415995200005,0,0,1,1,2,0
18.81,15.52,192.0,15.16,0.78,3.64,15.43,18.81,1013.77,11.54,0,0.9,5.0,35671.760997900004,0,0,1,3,4,0
21.44,16.12,176.0,15.78,0.66,3.35,15.95,21.44,1009.62,11.02,0,0.85,6.0,34921.619998300004,0,0,1,1,2,0
22.33,15.2,192.0,12.99,0.48,1.35,15.2,22.33,1009.33,12.73,0,0.71,6.0,35166.2889984,1,0,1,1,3,4
18.7,14.78,193.0,13.22,0.39,2.46,14.78,18.7,1007.45,11.89,0,0.82,5.0,36397.9069974,0,0,1,1,2,0
18.65,13.42,150.0,12.54,0.54,3.33,13.42,18.65,1007.26,11.28,0,0.81,6.0,37877.5519998,0,0,1,1,2,0
18.77,14.28,333.0,14.02,0.55,1.08,14.28,18.77,1005.49,10.94,0,0.89,6.0,40721.0679994,0,0,1,1,2,0
18.0,14.38,237.0,13.52,0.61,3.31,14.38,18.0,1010.95,11.28,0,0.85,5.0,38590.2819955,0,0,1,1,2,0
17.46,13.28,234.0,12.53,0.55,3.33,13.28,17.46,1010.77,12.18,0,0.84,6.0,38256.1009986,0,0,1,1,2,0
18.75,12.07,252.0,10.82,0.48,4.03,12.07,18.75,1010.87,13.0,0,0.79,6.0,38083.1999985,0,0,1,1,2,0
18.67,10.04,231.0,10.29,0.5,3.27,10.04,18.67,1012.07,12.34,0,0.8,6.0,38564.386998300004,0,0,1,1,2,0
19.26,14.21,229.0,12.88,0.58,4.59,14.21,19.26,1002.07,12.26,0,0.83,6.0,38797.3339941,0,0,1,1,2,0
16.44,13.13,281.0,12.58,0.63,1.68,13.13,16.44,1004.61,11.91,0,0.88,5.0,40751.0790033,0,0,1,3,4,0
18.26,12.44,272.0,9.03,0.39,3.45,12.44,18.26,1015.16,11.97,0,0.69,6.0,40955.0129964,0,0,1,1,2,0
17.06,13.05,234.0,12.67,0.68,5.27,13.05,17.15,1019.8,12.21,0,0.85,5.0,40635.192999,0,0,1,3,4,0
22.44,13.92,254.0,14.26,0.55,4.9,13.92,22.48,1022.06,12.81,0,0.77,5.0,38616.2230009,0,0,1,1,2,0
18.52,14.91,230.0,14.28,0.72,5.3,14.91,18.52,1013.52,12.47,0,0.85,5.0,39177.450999500004,0,0,1,1,2,0
20.18,13.77,267.0,11.56,0.48,4.41,13.77,20.18,1010.4,12.96,0,0.73,6.0,38509.4699971,0,0,1,1,2,0
17.77,13.12,340.0,11.44,0.54,1.52,13.12,17.77,1016.21,12.18,0,0.79,5.0,39070.8560028,0,0,1,1,2,0
19.89,11.83,57.0,9.86,0.36,0.9,11.83,19.89,1023.63,12.5,0,0.7,6.0,38614.8490035,0,0,1,1,2,0
22.86,12.24,205.0,10.53,0.22,3.0,12.24,22.86,1026.73,12.6,0,0.66,6.0,39109.280997,0,0,1,1,2,0
27.18,12.47,209.0,10.92,0.19,3.21,12.47,27.18,1023.04,12.71,0,0.58,6.0,37942.4920015,0,0,1,1,2,0
28.32,14.21,154.0,12.24,0.02,0.87,14.21,28.32,1018.25,12.31,0,0.58,7.0,37556.1660006,0,0,1,1,2,0
29.37,15.74,68.0,12.96,0.2,0.81,15.74,29.37,1016.59,12.31,0,0.57,6.0,37967.3549976,0,0,1,1,2,0
26.44,15.93,80.0,12.8,0.12,2.8,15.93,26.44,1018.08,11.7,0,0.61,6.0,37555.1850031,0,0,1,1,2,0
23.79,16.01,355.0,15.07,0.36,1.48,15.93,23.79,1012.66,9.75,0,0.75,5.0,39049.37,0,0,1,1,2,0
21.09,14.93,296.0,8.16,0.44,2.52,14.93,21.09,1010.56,13.26,0,0.55,6.0,38424.9969948,0,0,1,1,2,0
17.92,10.97,236.0,9.81,0.3,3.53,10.97,17.92,1011.76,12.97,0,0.75,5.0,40675.0999965,0,0,1,1,2,0
19.69,8.53,246.0,7.83,0.31,4.22,9.86,19.69,1015.19,12.92,0,0.65,5.0,38372.445003400004,0,0,1,1,2,0
20.19,11.52,207.0,13.16,0.53,3.03,11.52,20.19,1014.62,11.57,0,0.84,5.0,39006.6779988,0,0,1,1,2,0
22.57,13.69,179.0,13.95,0.41,3.24,13.69,22.57,1009.58,11.3,0,0.79,5.0,38332.4869996,0,0,1,1,2,0
21.29,15.61,217.0,13.13,0.45,4.71,15.61,21.29,1010.31,12.63,0,0.74,4.0,37860.2249973,0,0,1,1,2,0
21.77,13.09,205.0,12.09,0.33,4.37,13.09,21.77,1012.49,12.63,0,0.73,5.0,38068.5000003,0,0,1,1,2,0
21.04,14.36,195.0,13.09,0.41,3.97,14.36,21.04,1010.03,12.89,0,0.77,5.0,38825.1759994,0,0,1,1,2,0
20.69,12.98,195.0,12.76,0.34,2.23,12.98,20.69,1007.24,11.99,0,0.79,5.0,41253.6240028,0,0,1,1,2,0
20.95,14.77,241.0,12.89,0.41,3.26,14.77,20.95,1009.08,12.78,0,0.77,5.0,39361.1099935,0,0,1,1,2,0
19.32,11.49,239.0,11.42,0.46,3.83,11.49,19.32,1019.52,12.89,0,0.78,5.0,39103.3290023,0,0,1,1,2,0
22.8,15.03,260.0,14.56,0.54,1.73,15.03,22.8,1022.61,11.43,0,0.77,4.0,38104.879002300004,0,0,1,1,2,0
25.92,13.33,48.0,13.31,0.27,0.52,13.33,25.92,1025.62,11.47,0,0.69,5.0,37950.2700011,0,0,1,1,2,0
24.99,14.5,114.0,13.77,0.23,0.55,14.5,24.99,1026.05,11.7,0,0.7,5.0,37923.4519991,0,0,1,1,2,0
22.91,15.21,92.0,12.38,0.24,4.3,15.21,22.91,1020.96,11.97,0,0.67,5.0,38220.6540008,0,0,1,1,2,0
25.13,16.03,123.0,14.21,0.24,2.43,16.03,25.13,1012.34,11.18,0,0.7,5.0,39990.8629994,0,0,1,1,2,0
22.68,15.26,176.0,14.78,0.42,2.92,15.26,22.68,1011.16,12.04,0,0.79,4.0,38487.4819997,0,0,1,1,2,0
23.97,17.81,175.0,15.33,0.44,2.31,17.62,23.97,1011.08,11.8,0,0.75,5.0,37554.770004800004,0,0,1,1,2,0
22.57,17.38,146.0,15.23,0.26,2.67,17.38,22.79,1006.5,11.96,0,0.77,5.0,38538.0440006,0,0,1,1,2,0
21.67,16.02,197.0,13.28,0.42,4.22,16.02,21.67,1014.08,12.84,0,0.71,4.0,37880.9409971,0,0,1,1,2,0
27.23,17.92,175.0,14.11,0.45,3.71,17.92,27.23,1013.84,13.08,0,0.63,4.0,37000.1720014,0,0,1,1,2,0
29.86,20.54,215.0,15.92,0.23,2.17,20.54,30.6,1013.75,12.87,0,0.59,5.0,38142.671999800004,0,0,1,1,2,0
28.88,18.33,251.0,17.77,0.21,0.76,17.97,29.5,1015.16,12.28,0,0.72,4.0,40026.181996700005,0,0,1,1,2,0
24.54,17.05,231.0,15.64,0.34,2.78,16.96,24.54,1019.31,12.5,0,0.75,4.0,38744.4170028,0,0,1,1,2,0
22.09,16.36,240.0,13.99,0.34,2.54,16.27,22.09,1017.69,12.52,0,0.75,4.0,37815.453998900004,0,0,1,1,2,0
21.48,13.16,248.0,11.88,0.34,4.6,13.16,21.48,1017.28,12.87,0,0.72,4.0,37369.1359994,0,0,1,1,2,0
22.04,12.96,231.0,11.29,0.37,2.6,12.96,22.04,1014.56,12.83,0,0.7,4.0,37263.3469962,0,0,1,1,2,0
20.27,14.07,186.0,12.3,0.44,2.88,14.07,20.27,1005.28,12.34,0,0.76,4.0,37624.711999,0,0,1,1,2,0
20.93,15.04,222.0,14.85,0.52,3.94,15.04,20.93,1001.05,12.3,0,0.88,4.0,38687.2879987,0,0,1,1,2,0
21.01,14.26,268.0,10.74,0.51,4.39,14.26,21.01,1014.38,13.2,0,0.69,4.0,38567.1920048,0,0,1,1,2,0
20.99,12.62,182.0,12.62,0.32,3.82,12.62,20.99,1014.33,12.46,0,0.75,4.0,39589.041998500004,1,0,1,1,3,4
22.5,14.97,224.0,13.49,0.39,4.17,14.97,22.5,1012.79,12.63,0,0.75,4.0,38325.0649985,0,0,1,1,2,0
19.69,13.66,197.0,12.95,0.36,4.15,13.66,19.69,1012.74,11.84,0,0.85,3.0,39500.461002100004,0,0,1,1,2,0
16.92,11.25,292.0,11.14,0.4,2.65,11.25,16.92,1016.19,12.33,0,0.8,3.0,39693.9449957,0,0,1,1,2,0
17.72,5.92,321.0,5.08,0.33,3.21,7.78,17.72,1028.62,13.02,0,0.6,4.0,38564.847002200004,0,0,1,1,2,3
20.53,13.11,236.0,11.33,0.55,2.53,13.11,20.53,1026.14,13.15,0,0.72,3.0,39517.012,0,0,1,1,2,0
18.35,12.57,247.0,13.66,0.56,3.11,12.57,18.37,1024.58,12.07,0,0.87,3.0,42865.2129981,0,0,1,3,4,0
24.34,15.69,291.0,13.16,0.5,1.15,15.69,24.34,1025.68,10.48,0,0.72,3.0,39822.2369969,0,0,1,1,2,0
24.79,13.71,299.0,14.14,0.42,1.9,13.71,24.79,1023.55,11.41,0,0.77,3.0,39716.1419995,1,0,1,1,3,4
19.97,12.07,5.0,7.83,0.27,3.26,12.07,19.97,1026.74,12.5,0,0.6,3.0,38868.1980005,0,0,1,1,2,0
20.76,8.67,233.0,8.34,0.46,1.88,8.67,20.76,1028.3,12.41,0,0.67,3.0,38445.3120007,0,0,1,1,2,0
25.76,11.46,249.0,9.58,0.18,2.97,11.46,25.76,1024.47,11.75,0,0.63,3.0,38285.1839998,0,0,1,1,2,0
27.12,10.41,215.0,9.27,0.14,1.39,10.41,27.12,1020.6,12.36,0,0.62,4.0,39235.1769962,0,0,1,1,2,0
27.78,11.32,202.0,10.83,0.22,2.97,11.32,27.78,1011.85,12.2,0,0.67,3.0,40934.0750007,0,0,1,1,2,0
20.21,16.93,216.0,14.19,0.59,5.69,16.93,20.21,1010.15,12.65,0,0.78,3.0,40549.2149999,0,0,1,1,2,0
17.82,11.73,261.0,8.07,0.37,4.84,11.73,17.82,1012.33,13.18,0,0.62,3.0,39250.8059955,0,0,1,1,2,0
17.92,6.77,254.0,7.95,0.34,3.93,8.24,17.92,1014.64,13.16,0,0.72,3.0,39515.0539965,0,0,1,1,2,0
17.64,7.17,274.0,7.18,0.37,2.92,8.62,17.64,1018.75,12.96,0,0.68,3.0,39392.7870002,0,0,1,1,2,0
20.69,13.61,266.0,10.23,0.56,5.42,13.61,20.69,1013.51,13.31,0,0.68,3.0,39810.6999986,0,0,1,1,2,0
21.12,8.97,247.0,9.53,0.22,2.87,9.69,21.12,1017.25,12.92,0,0.7,3.0,40334.174000700004,0,0,1,1,2,0
18.31,12.98,232.0,11.04,0.66,3.88,12.98,18.31,1013.26,12.55,0,0.76,2.0,43304.526002700004,0,0,1,3,4,0
18.72,13.29,243.0,10.06,0.55,4.04,13.29,18.72,1012.36,13.07,0,0.71,3.0,41370.9400013,0,0,1,1,2,0
17.19,10.97,273.0,6.77,0.28,4.39,10.97,17.19,1013.39,13.02,0,0.64,3.0,41147.9189996,0,0,1,1,2,0
16.3,5.17,275.0,4.66,0.27,3.65,7.35,16.3,1021.81,12.99,0,0.63,3.0,41546.1670044,0,0,1,1,2,3
17.38,8.07,226.0,7.24,0.45,3.17,9.07,17.38,1020.9,13.0,0,0.7,2.0,42103.4310043,0,0,1,3,2,0
16.32,10.34,268.0,8.68,0.43,1.47,10.34,16.32,1015.46,12.54,0,0.76,2.0,43045.6989997,0,0,1,3,4,0
15.62,5.43,31.0,5.38,0.28,1.98,6.59,15.62,1019.37,12.97,0,0.69,2.0,43956.617998400005,0,0,2,3,2,3
12.31,7.69,87.0,8.42,0.48,4.46,8.85,12.31,1009.6,10.62,0,0.86,2.0,51240.2579969,0,1,2,3,4,2
15.2,11.51,212.0,11.14,0.66,2.53,11.51,15.2,989.47,8.1,0,0.88,2.0,47379.1679973,0,0,2,3,4,2
15.47,7.49,203.0,8.56,0.28,4.92,9.74,15.47,988.79,13.13,0,0.78,2.0,45504.7360041,0,0,2,3,4,0
15.14,10.07,169.0,10.23,0.39,2.57,10.07,15.14,992.07,12.44,0,0.88,2.0,46323.0700009,0,0,1,3,4,2
16.61,10.57,301.0,9.5,0.48,2.17,10.57,16.61,1006.39,11.41,0,0.82,2.0,46087.900003,0,0,1,3,4,0
17.07,7.44,227.0,9.78,0.39,4.08,9.03,17.07,1012.91,12.84,0,0.85,2.0,46318.7809985,0,0,1,3,4,0
15.83,6.9,270.0,6.81,0.17,3.36,8.71,15.83,1017.85,13.21,0,0.75,2.0,46971.2729997,0,0,1,3,2,3
16.46,4.87,221.0,8.66,0.48,4.6,6.42,16.46,1019.0,13.15,0,0.81,2.0,50799.671,0,1,2,3,4,3
16.24,12.37,217.0,12.43,0.61,4.57,12.37,16.24,1012.11,11.43,0,0.89,2.0,48239.184002,0,0,1,3,4,2
16.44,10.87,211.0,10.9,0.39,5.09,10.87,16.44,1010.12,12.55,0,0.85,2.0,47621.1449957,0,0,1,3,4,0
14.34,7.78,230.0,8.97,0.36,4.65,9.35,14.34,1005.61,12.99,0,0.8,2.0,47774.227005,0,0,2,3,4,3
14.99,5.02,235.0,7.55,0.28,3.65,7.19,14.99,1008.02,12.79,0,0.79,2.0,47670.627007,0,1,2,3,4,3
15.6,8.34,244.0,10.05,0.61,3.0,9.16,15.65,1006.96,10.11,0,0.86,2.0,48931.824004300004,0,1,2,3,4,2
14.89,5.86,6.0,7.3,0.4,1.75,7.61,14.89,1012.51,11.06,0,0.83,2.0,49002.2810047,0,1,2,3,4,2
13.64,5.17,337.0,7.43,0.25,0.4,5.27,13.64,1021.29,9.98,0,0.87,2.0,52299.8939994,0,1,2,3,4,2
12.22,8.84,88.0,10.23,0.61,2.49,9.51,12.22,1015.27,7.84,0,0.92,1.0,52221.2370064,0,1,2,3,4,2
14.23,7.73,57.0,8.4,0.58,2.66,9.07,14.23,1015.96,10.12,0,0.82,2.0,49964.161996,0,1,2,3,4,2
14.13,6.21,93.0,6.21,0.56,2.16,7.04,14.13,1015.24,13.21,0,0.74,2.0,50051.3140052,0,1,2,3,4,3
14.88,7.37,119.0,10.58,0.71,3.2,9.15,14.99,1004.43,8.69,0,0.89,1.0,52309.839997300005,0,1,2,3,4,2
14.72,7.12,250.0,7.08,0.48,5.42,8.51,14.73,1005.33,13.07,0,0.75,2.0,50578.3209965,0,1,2,3,4,3
11.53,4.01,252.0,6.15,0.29,2.18,6.41,11.53,1004.92,12.94,0,0.84,2.0,53122.372001100004,0,1,2,0,0,1
12.32,1.64,300.0,4.1,0.2,2.36,2.81,12.32,1002.5,11.86,0,0.8,2.0,56533.0889974,0,1,2,0,0,1
13.03,2.83,220.0,6.39,0.31,2.97,4.09,13.03,1002.67,12.17,0,0.84,1.0,53856.7870026,0,1,2,0,0,1
14.74,7.15,226.0,6.91,0.39,5.37,9.06,14.74,1000.8,12.59,0,0.74,1.0,52309.1130021,0,1,2,3,4,1
16.6,7.41,178.0,9.87,0.42,4.66,8.8,16.6,998.22,12.2,0,0.82,1.0,52014.928998,0,1,2,3,4,2
16.04,12.15,181.0,11.2,0.44,4.18,12.15,16.04,1001.82,13.23,0,0.85,1.0,51401.0589991,0,0,1,3,4,0
13.21,11.98,88.0,11.64,0.66,0.51,11.98,13.21,1007.63,8.42,0,0.95,1.0,54613.7230049,0,1,2,3,4,2
14.01,8.9,233.0,10.16,0.61,0.86,9.57,14.01,1015.85,8.01,0,0.91,1.0,54573.2430027,0,1,2,3,4,2
12.41,10.19,41.0,10.32,0.69,3.37,10.19,12.41,1018.09,9.22,0,0.94,1.0,58921.393997600004,0,1,2,3,4,2
14.73,12.02,51.0,13.32,0.9,2.57,12.02,14.79,1019.88,1.48,0,0.98,1.0,55361.0040047,0,1,2,3,4,2
14.05,12.46,14.0,12.61,0.88,2.3,12.46,14.05,1023.66,1.82,0,0.96,1.0,54847.6459997,0,1,2,3,4,2
16.18,13.08,56.0,12.82,0.74,3.45,13.08,16.18,1019.7,2.45,0,0.92,1.0,53363.0469986,0,0,1,3,4,2
13.61,10.09,59.0,10.89,0.81,5.16,10.09,13.61,1016.51,7.9,0,0.91,1.0,55168.2229966,0,1,2,3,4,2
10.11,-0.37,32.0,4.64,0.7,5.19,4.19,10.11,1012.84,12.33,0,0.79,1.0,58860.1519978,0,1,2,0,0,1
7.68,-2.56,347.0,1.48,0.39,5.79,2.49,3.78,1015.91,13.07,0,0.79,1.0,62372.852001,0,1,2,0,0,1
9.17,-0.94,234.0,3.96,0.42,3.13,1.43,6.89,1015.62,12.68,0,0.88,1.0,66596.5799996,0,1,2,0,0,1
12.4,5.47,238.0,7.73,0.45,2.95,7.66,12.4,1008.71,12.49,0,0.89,1.0,60751.016993000005,0,1,2,3,4,1
10.92,3.44,259.0,5.0,0.45,2.37,5.57,10.92,1004.48,11.25,0,0.84,1.0,59652.2980024,0,1,2,0,0,1
12.36,4.43,185.0,6.24,0.49,5.32,6.45,12.36,989.93,12.99,0,0.79,1.0,59751.2449956,0,1,2,0,0,1
11.46,0.85,225.0,5.06,0.44,4.07,4.2,11.46,979.63,12.54,0,0.85,1.0,59514.9209951,0,1,2,0,0,1
9.78,1.81,229.0,2.96,0.23,4.31,4.61,6.88,991.25,12.96,0,0.77,1.0,60879.8280002,0,1,2,0,0,1
9.45,1.56,226.0,2.79,0.25,3.16,3.22,6.47,996.52,12.71,0,0.79,1.0,62900.1239927,0,1,2,0,0,1
8.67,1.18,229.0,3.97,0.59,0.59,2.96,7.03,994.21,9.99,0,0.92,1.0,69664.1769994,0,1,2,0,0,1
9.19,2.62,338.0,3.37,0.41,2.09,2.94,7.08,1006.26,9.08,0,0.83,1.0,62875.679004800004,0,1,2,0,0,1
9.67,-1.72,257.0,3.89,0.33,3.58,0.92,7.17,1020.29,10.41,0,0.87,1.0,63705.308998500004,0,1,2,0,0,1
9.93,2.35,247.0,5.79,0.47,4.2,4.97,7.64,1024.32,12.67,0,0.86,1.0,62124.3959955,0,1,2,0,0,1
12.34,5.13,245.0,6.19,0.64,3.72,7.81,12.34,1019.18,13.36,0,0.78,1.0,60465.460005500005,0,1,2,3,4,1
11.27,6.7,195.0,6.21,0.7,3.17,8.13,11.27,1010.05,13.37,0,0.8,1.0,60431.9229958,0,1,2,3,4,1
10.31,3.38,220.0,7.38,0.49,2.38,5.2,10.31,997.84,11.78,0,0.91,1.0,63139.654002100004,0,1,2,0,0,1
9.87,0.46,247.0,3.49,0.22,1.98,2.1,8.39,1011.6,10.32,0,0.88,1.0,66473.9219911,0,1,2,0,0,1
12.18,3.72,204.0,7.51,0.5,3.06,4.52,12.18,1020.98,10.04,0,0.92,1.0,63047.0629977,0,1,2,3,4,2
14.66,10.06,203.0,10.34,0.54,3.23,10.06,14.66,1026.29,11.49,0,0.88,1.0,59186.0719992,0,0,2,3,4,2
12.62,7.08,113.0,8.13,0.55,1.86,7.33,12.62,1026.48,9.21,0,0.86,1.0,59098.2099802,0,1,2,3,4,2
9.07,5.43,101.0,5.96,0.71,0.62,6.45,9.07,1022.69,4.06,0,0.92,1.0,60495.335985800004,0,1,2,3,4,2
9.19,4.89,139.0,6.3,0.9,2.0,5.91,7.75,1014.76,3.48,0,0.92,1.0,62364.7659996,0,1,2,3,4,2
12.44,7.04,243.0,8.66,0.65,1.69,8.18,12.44,1007.72,9.32,0,0.88,1.0,63549.363000000005,0,1,2,3,4,2
9.42,2.07,236.0,2.5,0.3,0.72,2.07,9.42,1014.66,12.57,0,0.82,1.0,66829.5789983,0,1,2,0,0,1
11.23,1.42,179.0,5.32,0.5,4.13,3.49,11.23,1011.21,12.38,0,0.82,1.0,63099.5479951,0,1,2,0,0,1
13.46,10.88,182.0,10.63,0.76,5.74,10.88,13.46,1008.74,10.81,0,0.9,1.0,61431.7119966,0,1,2,3,4,2
11.87,3.42,197.0,7.8,0.45,2.82,6.06,11.87,1007.68,10.65,0,0.91,1.0,62643.9169996,0,1,2,3,4,2
13.09,4.09,191.0,7.94,0.54,7.58,6.56,13.09,1011.36,12.73,0,0.81,1.0,60824.7540069,0,1,2,3,4,1
10.7,3.97,212.0,6.02,0.38,2.71,5.12,10.7,1011.69,11.46,0,0.89,1.0,60900.3060026,0,1,2,0,0,1
9.91,2.99,104.0,6.52,0.58,3.43,3.64,7.11,1010.19,5.7,0,0.97,1.0,66872.78400680001,0,1,2,0,4,2
12.54,2.87,225.0,6.88,0.54,6.54,7.46,12.54,1001.79,12.36,0,0.81,1.0,67399.69400640001,0,1,2,0,0,1
10.69,5.0,208.0,7.1,0.64,1.29,7.17,10.69,998.27,11.31,0,0.91,1.0,63640.5299996,0,1,2,3,4,2
8.47,3.08,346.0,5.98,0.72,3.98,6.42,6.07,1003.65,9.69,0,0.9,1.0,64598.4289957,0,1,2,0,0,1
6.89,-0.33,342.0,3.31,0.65,5.17,3.45,3.34,1012.91,13.2,0,0.83,1.0,66176.5779958,0,1,2,0,0,1
5.84,-1.39,320.0,0.73,0.36,3.2,1.63,3.18,1012.58,12.92,0,0.83,1.0,66709.2850037,0,1,2,0,0,1
4.37,-2.57,278.0,-0.24,0.25,1.55,-0.89,2.52,1011.91,10.01,0,0.88,1.0,68022.1669984,0,1,2,0,0,1
5.73,-4.31,274.0,-0.17,0.31,2.68,-1.35,2.61,1014.56,8.92,0,0.88,1.0,72563.2909973,0,1,2,0,0,1
4.76,-4.97,263.0,-1.13,0.31,2.1,-1.55,2.71,1016.35,12.81,0,0.84,1.0,75819.4440069,0,1,2,0,0,1
10.22,0.57,248.0,4.75,0.58,3.55,2.94,10.22,1007.42,10.67,0,0.87,1.0,68497.72600360001,0,1,2,0,0,1
7.73,-2.14,266.0,1.43,0.21,4.36,1.21,4.36,1003.4,12.89,0,0.82,1.0,67807.8209957,0,1,2,0,0,1
3.89,-2.82,311.0,-0.69,0.39,3.05,-0.77,-0.07,1008.05,11.14,0,0.84,1.0,70407.5219963,0,1,2,0,0,1
4.84,-5.79,212.0,-1.32,0.43,3.07,-2.82,0.37,1013.58,12.55,0,0.84,1.0,71895.7860087,0,1,2,0,0,1
6.33,-2.07,299.0,1.59,0.56,5.63,2.97,2.12,1001.72,12.84,0,0.8,1.0,70912.9160019,0,1,2,0,0,1
6.46,0.01,299.0,1.79,0.52,2.14,3.17,4.69,1023.19,12.39,0,0.83,1.0,70699.24999540001,0,1,2,0,0,1
8.66,0.49,271.0,3.43,0.53,5.44,3.86,5.37,1018.89,13.33,0,0.8,1.0,74193.6000029,0,1,2,0,0,1
5.59,-1.04,326.0,0.61,0.27,3.93,1.55,2.23,1022.18,13.18,0,0.79,1.0,69244.1149878,0,1,2,0,0,1
2.7,-2.49,326.0,-1.19,0.29,1.67,-2.49,1.26,1029.42,6.18,1,0.89,1.0,65086.9989937,0,1,0,2,1,5
1.8,-3.83,155.0,-2.29,0.45,0.73,-3.83,1.8,1020.51,6.49,1,0.91,1.0,73306.0420068,0,1,0,2,1,5
1.58,-3.72,78.0,-1.81,0.6,2.09,-1.35,-1.1,1005.66,6.78,1,0.87,1.0,73645.920004,0,1,0,2,1,5
10.34,-0.92,168.0,5.46,0.71,4.22,1.93,10.34,985.82,7.45,0,0.92,0.0,72310.5290016,0,1,2,0,0,1
11.17,4.32,211.0,6.32,0.39,4.93,6.91,11.17,991.49,13.15,0,0.86,1.0,68844.37600060001,0,1,2,0,0,1
9.82,3.01,207.0,5.42,0.39,3.07,5.32,7.78,999.72,12.86,0,0.89,1.0,70541.96899770001,0,1,2,0,0,1
9.1,3.08,230.0,4.71,0.32,3.79,5.62,6.39,1001.69,12.71,0,0.86,1.0,66003.5519989,0,1,2,0,0,1
7.96,2.47,291.0,4.36,0.62,2.17,4.66,7.12,1014.41,11.65,0,0.86,0.0,66057.0549977,0,1,2,0,0,1
7.44,0.96,119.0,4.27,0.52,4.02,3.07,4.49,1016.68,7.87,0,0.92,1.0,68504.5929898,0,1,2,0,0,1
9.57,2.82,137.0,7.49,0.76,3.54,6.53,7.93,1002.52,8.96,0,0.96,0.0,67630.9589993,0,1,2,3,4,2
9.69,4.44,240.0,6.22,0.44,3.21,6.3,7.58,1009.54,12.15,0,0.91,1.0,64984.3620001,0,1,2,0,0,1
13.07,4.44,200.0,9.32,0.67,3.91,6.04,13.07,1005.25,10.15,0,0.96,0.0,68183.4119991,0,1,2,3,4,2
13.08,7.75,231.0,9.3,0.53,5.51,9.34,13.08,1003.59,12.73,0,0.86,1.0,65806.957998,0,1,2,3,4,1
12.3,5.49,201.0,8.28,0.61,4.28,7.57,12.3,999.12,10.85,0,0.91,1.0,66453.0329942,0,1,2,3,4,2
9.14,3.86,225.0,6.27,0.56,4.39,6.46,6.49,995.66,13.07,0,0.89,1.0,68988.8580013,1,1,2,0,3,4
10.18,1.34,230.0,5.73,0.39,5.05,4.83,10.18,1004.15,12.94,0,0.88,1.0,64350.8849987,1,1,2,0,3,4
7.97,3.64,258.0,4.81,0.51,4.09,6.42,5.36,1005.46,12.46,0,0.84,1.0,65277.8559983,0,1,2,0,0,1
12.34,3.99,207.0,7.73,0.7,4.78,5.45,12.34,1016.76,11.46,0,0.89,0.0,64881.787004800004,0,1,2,3,4,2
11.97,3.69,204.0,7.41,0.59,7.6,7.28,11.97,1004.18,12.5,0,0.83,0.0,64371.362993400006,0,1,2,0,0,1
10.9,1.25,231.0,3.9,0.37,6.82,5.44,10.9,1009.95,13.2,0,0.77,1.0,65610.104993,0,1,2,0,0,1
9.24,0.88,264.0,3.28,0.38,4.55,4.22,6.97,1007.65,13.15,0,0.81,1.0,65599.6099958,0,1,2,0,0,1
7.49,0.23,257.0,2.4,0.43,4.0,3.31,4.38,1016.89,13.15,0,0.82,1.0,65269.368001300005,1,1,2,0,3,4
10.82,0.23,242.0,5.41,0.61,3.72,3.31,10.82,1023.12,11.35,0,0.91,1.0,66235.8049997,0,1,2,0,0,1
11.41,7.07,255.0,9.12,0.66,4.36,9.65,11.41,1032.61,11.89,0,0.91,1.0,62832.506997000004,0,1,2,3,4,2
10.79,5.7,266.0,7.31,0.83,4.28,8.17,10.79,1037.15,12.34,0,0.85,1.0,62942.029997900005,1,1,2,3,3,4
10.66,5.76,251.0,7.82,0.72,3.15,7.84,10.66,1035.16,9.58,0,0.92,1.0,64568.0329966,0,1,2,3,4,2
8.61,5.08,232.0,7.0,0.67,2.23,6.91,6.98,1032.19,5.5,0,0.96,1.0,68459.092997,0,1,2,3,4,2
9.08,5.24,206.0,6.78,0.84,3.27,7.1,7.31,1026.88,9.7,0,0.92,1.0,64268.2550001,0,1,2,3,4,2
11.23,6.9,218.0,7.77,0.76,3.71,9.02,11.23,1024.17,11.73,0,0.87,1.0,61974.0800008,0,1,2,3,4,2
9.21,1.77,329.0,5.61,0.52,0.93,1.77,9.13,1021.19,8.64,0,0.9,1.0,62511.5130009,0,1,2,0,0,2
3.43,-0.48,307.0,1.46,0.7,1.55,1.16,2.36,1015.8,5.21,0,0.94,1.0,66524.2089973,0,1,2,0,0,2
5.7,-1.42,281.0,1.68,0.52,0.4,0.89,5.7,1017.62,5.7,0,0.93,1.0,66713.7110023,0,1,2,0,0,2
4.53,-1.06,90.0,0.79,0.57,4.76,1.75,0.07,1012.97,10.03,0,0.83,1.0,71923.9179981,0,1,2,0,0,1
3.48,-2.16,23.0,-1.76,0.6,3.13,1.04,-0.09,1018.81,12.46,0,0.74,1.0,75265.2239958,0,1,2,0,0,1
2.94,-3.4,251.0,-0.61,0.59,2.08,-0.41,0.94,1011.47,9.66,0,0.88,1.0,72611.04999490001,0,1,2,0,0,1
2.38,-3.16,327.0,-0.89,0.58,3.28,-0.83,0.89,1008.99,11.41,0,0.85,1.0,71281.0680038,0,1,2,0,0,1
-0.06,-4.7,27.0,-2.6,0.48,0.93,-2.32,-0.15,1013.33,4.12,1,0.91,1.0,72377.18298890001,0,1,0,2,1,5
2.88,-3.86,111.0,-2.88,0.31,1.01,-3.86,2.88,1017.44,9.64,0,0.83,1.0,73059.3359969,0,1,2,0,0,1
1.33,-7.8,112.0,-2.88,0.67,5.2,-1.93,-2.04,1004.05,6.41,1,0.85,1.0,77294.2540031,0,1,0,2,1,5
0.85,-5.37,57.0,-1.83,0.84,4.16,-0.65,-2.56,997.28,7.53,1,0.86,1.0,80900.9629975,0,1,0,2,1,5
0.08,-5.88,18.0,-1.87,0.85,3.18,-1.45,-0.46,994.89,5.1,1,0.91,1.0,82650.4920025,0,1,0,2,1,5
1.17,-4.23,196.0,-1.86,0.68,1.22,-1.98,1.08,994.61,8.14,1,0.9,1.0,75034.1459921,0,1,0,2,1,5
2.82,-5.09,85.0,-1.46,0.53,3.44,-3.73,-1.43,1001.55,6.31,0,0.88,1.0,74398.3419997,0,1,2,0,0,1
2.82,-2.47,76.0,-0.68,0.75,4.23,1.38,-1.4,1007.72,7.69,0,0.82,1.0,73407.7789933,0,1,2,0,0,1
2.23,-2.49,47.0,-1.81,0.8,2.07,-0.11,2.08,1016.41,10.32,0,0.79,1.0,73479.518006,0,1,2,0,0,1
2.98,-4.07,155.0,-2.16,0.74,3.2,-1.19,0.81,1014.52,10.8,1,0.8,1.0,73746.7589887,0,1,0,2,1,5
7.56,-2.16,210.0,2.87,0.51,3.61,2.37,4.69,1006.45,10.27,0,0.86,1.0,70604.64099690001,0,1,2,0,0,1
10.26,1.49,227.0,4.08,0.43,6.6,4.72,10.26,997.84,12.01,0,0.77,1.0,71041.5209932,0,1,2,0,0,1
10.54,-0.68,217.0,4.14,0.47,5.95,3.02,10.54,1005.47,11.91,0,0.84,1.0,67847.046995,0,1,2,0,0,1
13.09,7.09,225.0,9.99,0.69,7.22,9.76,13.09,1003.25,10.88,0,0.89,1.0,63821.5679994,0,1,2,3,4,2
12.56,3.86,245.0,5.96,0.44,7.85,7.51,12.56,1006.93,11.88,0,0.77,1.0,60862.8979917,0,1,2,0,0,1
9.94,3.29,243.0,4.39,0.35,7.3,7.12,6.38,1012.39,12.89,0,0.74,1.0,61913.0489982,0,1,2,0,0,1
8.03,2.49,265.0,3.73,0.49,2.83,4.16,5.33,1002.38,12.5,0,0.85,1.0,63519.7860029,0,1,2,0,0,1
5.56,-1.71,329.0,-0.82,0.43,4.97,1.48,1.9,1015.47,13.42,0,0.71,1.0,67804.0450025,0,1,2,0,0,1
9.12,-2.93,243.0,2.24,0.55,4.32,0.11,6.66,1018.69,13.12,0,0.82,1.0,73004.9899986,0,1,2,0,0,1
10.2,2.41,262.0,3.74,0.5,6.82,6.48,10.2,1012.2,13.0,0,0.71,1.0,63752.239008000004,0,1,2,0,0,1
6.44,-2.91,257.0,-0.18,0.48,7.3,2.16,2.38,1000.03,12.84,0,0.73,1.0,65876.34000340001,0,1,2,0,0,1
6.16,-1.46,331.0,0.5,0.61,6.04,2.86,2.56,1006.64,13.23,0,0.75,1.0,67198.9669927,0,1,2,0,0,1
5.53,-2.68,299.0,-1.83,0.39,3.57,1.24,2.42,1017.82,12.49,0,0.71,1.0,67113.2819971,0,1,2,0,0,1
5.59,-2.13,314.0,-0.32,0.41,3.08,0.81,2.73,1019.29,10.54,0,0.78,1.0,66414.1409924,0,1,2,0,0,1
3.68,-0.57,213.0,0.73,0.7,0.68,1.58,2.1,1018.79,10.38,0,0.86,1.0,70502.4570002,0,1,2,0,0,1
4.73,-4.17,129.0,2.29,0.84,4.86,1.06,1.58,999.65,7.07,0,0.93,1.0,74558.5370066,0,1,2,0,0,1
1.88,-3.92,53.0,0.27,0.87,3.36,0.55,-1.66,999.17,4.36,0,0.93,1.0,71613.7730023,0,1,2,0,0,1
2.24,-2.29,40.0,-2.12,0.86,2.87,1.14,-0.19,1015.13,7.32,0,0.76,1.0,70967.2110078,0,1,2,0,0,1
3.09,-3.18,149.0,-2.72,0.68,3.48,0.6,1.23,1021.27,6.92,0,0.73,1.0,69677.2689946,0,1,2,0,0,1
10.59,-0.11,238.0,4.54,0.55,2.96,4.07,10.59,1011.45,10.56,0,0.81,1.0,65642.6689957,0,1,2,0,0,1
9.76,-0.06,273.0,2.22,0.41,2.49,2.27,7.75,1019.7,13.04,0,0.77,1.0,63305.8980096,0,1,2,0,0,1
10.13,3.7,190.0,1.36,0.48,1.11,3.7,10.13,1023.52,12.97,0,0.7,1.0,63351.8549996,0,1,2,0,0,1
9.49,0.27,102.0,1.91,0.33,2.79,2.16,7.33,1021.74,7.26,0,0.84,1.0,65874.2829974,0,1,2,0,0,1
7.65,-0.63,99.0,1.32,0.33,2.86,1.16,5.22,1020.42,7.23,0,0.83,1.0,63053.028,0,1,2,0,0,1
10.12,-1.43,4.0,0.3,0.11,0.4,-1.43,10.12,1019.55,6.95,0,0.79,2.0,62275.989993200004,0,1,2,0,0,1
4.88,-3.42,80.0,-0.48,0.68,4.86,1.83,3.78,1023.08,8.93,0,0.78,1.0,64104.6790081,0,1,2,0,0,1
2.28,-3.9,79.0,-5.51,0.8,5.58,0.86,-2.51,1023.97,13.24,0,0.59,1.0,68642.4580019,0,1,2,0,0,1
1.36,-4.29,45.0,-5.38,0.81,4.79,0.2,-3.32,1020.5,13.04,1,0.63,1.0,70207.88198800001,0,1,0,2,1,5
1.74,-4.2,28.0,-4.22,0.83,3.92,0.19,-1.89,1020.81,11.64,0,0.68,1.0,72307.56699780001,0,1,2,0,0,1
2.35,-3.26,0.0,-3.17,0.86,4.47,0.85,-2.08,1023.88,13.0,0,0.71,1.0,76489.94898670001,0,1,2,0,0,1
4.39,-2.46,12.0,0.51,0.84,4.8,1.74,0.59,1026.97,9.78,0,0.83,1.0,71302.4429949,0,1,2,0,0,1
4.93,-1.18,41.0,2.55,0.86,4.34,2.98,1.8,1032.15,3.48,0,0.91,1.0,68637.82100340001,0,1,2,0,0,2
6.11,-1.82,38.0,0.84,0.69,4.4,2.33,2.67,1034.17,8.92,0,0.83,1.0,65828.7679986,0,1,2,0,0,1
7.26,-1.18,43.0,0.96,0.64,4.25,2.41,4.09,1029.69,12.67,0,0.8,1.0,65252.6329915,0,1,2,0,0,1
6.62,-1.08,37.0,0.98,0.83,3.77,2.58,3.28,1029.18,10.27,0,0.78,1.0,65543.8339955,0,1,2,0,0,1
4.69,-0.01,38.0,-1.48,0.66,2.02,0.63,3.13,1027.67,13.05,0,0.72,1.0,66947.8400043,0,1,2,0,0,1
7.83,-1.14,89.0,0.26,0.58,2.2,-1.14,5.04,1023.52,10.12,0,0.8,1.0,69283.33399320001,0,1,2,0,0,1
8.99,-1.41,89.0,0.86,0.27,3.66,2.14,6.17,1013.74,7.02,0,0.78,2.0,62415.385995000004,0,1,2,0,0,1
16.06,1.49,131.0,3.28,0.12,1.6,1.87,16.06,1004.57,8.11,0,0.74,2.0,59026.712004600005,0,1,2,0,0,1
13.14,6.51,77.0,4.95,0.17,2.41,7.65,13.14,1000.69,8.37,0,0.72,2.0,58030.649989000005,0,1,2,0,0,1
9.63,6.67,84.0,7.51,0.68,2.2,7.43,7.99,996.96,2.78,0,0.93,2.0,59173.3760013,0,1,2,3,4,2
9.61,6.61,54.0,8.38,0.83,1.75,8.02,9.04,997.56,1.93,0,0.96,2.0,59328.9639984,0,1,2,3,4,2
8.01,0.97,341.0,4.62,0.84,2.52,3.88,7.53,1002.41,5.68,0,0.9,2.0,62758.5779936,0,1,2,0,0,2
3.45,-4.03,39.0,-0.37,0.81,5.05,1.23,0.33,1005.94,12.26,0,0.82,2.0,69642.1079954,0,1,2,0,0,1
1.22,-8.57,47.0,-4.67,0.6,8.17,-1.57,-4.11,1007.26,10.83,1,0.73,2.0,71182.8839987,0,1,0,2,1,5
3.86,-8.88,32.0,-5.54,0.54,6.81,-1.89,-0.56,1008.83,12.34,0,0.63,2.0,69775.1109933,0,1,2,0,0,1
6.42,-2.39,338.0,-1.54,0.37,3.65,1.14,3.01,1010.59,13.04,0,0.73,2.0,65762.7839968,0,1,2,0,0,1
6.56,-3.72,294.0,-3.24,0.27,1.81,-0.91,5.17,1015.57,10.54,0,0.67,2.0,63927.706998500005,0,1,2,0,0,1
8.27,-0.32,207.0,2.72,0.65,5.82,2.99,4.56,1007.6,12.36,0,0.81,2.0,62880.4110011,0,1,2,0,0,1
7.51,1.78,186.0,4.27,0.69,6.75,5.79,3.91,996.08,12.13,0,0.85,2.0,66099.5049969,0,1,2,0,0,1
7.3,-0.32,192.0,3.16,0.64,2.1,2.36,5.13,990.34,11.52,0,0.88,2.0,68196.7370009,0,1,2,0,0,1
7.35,-1.32,87.0,2.21,0.5,0.73,-0.22,7.06,991.02,7.97,0,0.91,2.0,64057.6400057,0,1,2,0,0,1
7.72,0.65,81.0,1.92,0.59,1.56,2.81,5.81,997.51,8.32,0,0.83,2.0,61743.711994900004,0,1,2,0,0,1
5.87,0.18,33.0,1.59,0.78,2.37,2.37,3.49,1006.74,5.73,0,0.86,2.0,63214.6199942,0,1,2,0,0,2
6.27,-1.24,99.0,-0.18,0.61,4.73,1.18,2.57,1015.96,10.8,0,0.75,2.0,62367.2830018,0,1,2,0,0,1
5.01,-2.8,89.0,0.38,0.69,7.92,2.59,0.07,1009.8,6.1,0,0.79,3.0,65425.7559933,0,1,2,0,0,1
3.06,-4.48,75.0,0.43,0.85,6.42,0.92,-2.27,1009.85,3.73,0,0.92,2.0,72746.3599949,0,1,2,0,0,1
1.53,-6.34,63.0,-2.86,0.83,6.06,-0.32,-2.86,1012.85,9.37,1,0.78,2.0,76861.6590033,0,1,0,2,1,5
1.81,-4.96,55.0,-4.59,0.68,5.95,0.71,-2.89,1014.28,12.76,0,0.65,2.0,71061.8029977,0,1,2,0,0,1
1.75,-4.31,52.0,-4.69,0.69,4.99,0.77,-2.29,1013.39,12.81,0,0.65,2.0,69956.0859877,0,1,2,0,0,1
3.82,-4.06,49.0,-4.47,0.48,3.95,-0.29,-0.19,1011.63,12.86,0,0.64,3.0,67641.08700120001,0,1,2,0,0,1
4.08,-3.85,37.0,-3.94,0.5,3.57,-0.89,0.31,1012.3,11.64,0,0.66,2.0,65159.5099981,0,1,2,0,0,1
5.31,-2.99,55.0,-4.23,0.59,3.52,-0.52,1.71,1010.88,13.45,0,0.63,3.0,66136.1300057,1,1,2,0,3,4
4.87,-2.65,41.0,-2.47,0.66,3.61,0.94,1.53,1011.38,13.1,0,0.69,3.0,63794.1989969,0,1,2,0,0,1
4.96,-2.33,67.0,-3.57,0.4,2.8,-1.54,1.64,1014.56,12.67,0,0.68,3.0,64556.020008600004,0,1,2,0,0,1
5.88,-3.14,68.0,-3.45,0.57,5.5,1.1,1.29,1011.52,12.68,0,0.64,3.0,64764.9960013,0,1,2,0,0,1
7.71,-4.26,54.0,-4.69,0.2,5.5,0.04,3.74,1014.63,13.02,0,0.57,3.0,60916.6230008,0,1,2,0,0,1
4.09,-3.72,43.0,-3.7,0.45,5.84,0.48,-0.57,1017.4,13.1,0,0.64,3.0,64456.9589972,0,1,2,0,0,1
2.91,-3.52,35.0,-2.06,0.55,5.76,0.98,-1.57,1014.22,10.8,0,0.74,3.0,65951.6599971,0,1,2,0,0,1
7.34,-2.8,32.0,-3.08,0.63,5.89,1.88,3.68,1015.19,13.08,0,0.61,3.0,63373.4509993,0,1,2,0,0,1
9.87,-2.67,35.0,-2.24,0.23,2.75,0.64,8.53,1023.34,13.02,0,0.63,3.0,59935.8529981,0,1,2,0,0,1
10.37,-1.21,127.0,-2.76,0.4,2.04,-1.21,10.37,1020.37,11.84,0,0.62,3.0,60254.7939971,0,1,2,0,0,1
9.99,-0.38,80.0,-0.36,0.36,4.97,3.47,7.18,1005.84,10.81,0,0.65,3.0,57193.8770048,0,1,2,0,0,1
8.81,0.39,75.0,3.41,0.7,3.87,3.45,6.01,997.5,6.66,0,0.83,3.0,58840.2940093,0,1,2,0,0,2
10.59,0.4,94.0,3.18,0.61,1.07,2.98,10.59,1003.54,4.44,0,0.79,4.0,56071.8429982,0,1,2,0,0,2
11.3,2.98,90.0,6.18,0.69,2.28,5.93,11.3,997.1,6.07,0,0.9,3.0,56969.854995300004,0,1,2,3,4,2
11.51,4.87,227.0,6.92,0.54,3.04,7.09,11.51,997.53,11.62,0,0.87,3.0,55958.5210002,0,1,2,3,4,1
11.42,3.3,195.0,7.01,0.57,4.42,4.92,11.42,1011.09,11.06,0,0.87,3.0,56807.543997400004,0,1,2,3,4,1
19.88,11.49,204.0,9.24,0.45,6.56,11.49,19.88,1013.12,12.36,0,0.7,4.0,54168.674992,0,0,1,1,2,0
15.43,10.08,220.0,7.8,0.42,5.4,10.08,15.43,1016.86,12.96,0,0.72,4.0,50261.0039955,0,0,1,1,2,0
16.55,7.26,218.0,6.83,0.4,5.75,9.63,16.55,1015.5,12.52,0,0.7,4.0,49758.264994000005,0,0,1,1,2,0
17.95,8.26,203.0,9.18,0.54,5.53,9.66,17.95,1014.48,10.8,0,0.77,4.0,49485.4539976,0,0,1,3,4,0
14.11,5.27,237.0,4.05,0.35,8.12,8.48,14.11,1013.1,12.81,0,0.64,4.0,49849.6969985,0,0,2,0,0,3
11.95,3.88,301.0,3.68,0.47,2.33,6.17,11.95,1025.56,13.12,0,0.69,4.0,50864.033001,0,1,2,0,0,3
13.14,2.88,87.0,1.01,0.16,2.21,2.88,13.14,1032.63,12.07,0,0.66,5.0,51080.4949985,0,1,2,0,0,3
14.12,1.46,242.0,0.96,0.28,2.14,1.46,14.12,1021.92,12.79,0,0.64,4.0,53862.0920037,0,1,2,0,0,3
14.32,5.12,226.0,5.68,0.66,4.12,6.91,14.32,1016.11,12.04,0,0.74,4.0,50681.0529946,0,1,2,3,4,3
20.25,10.02,258.0,8.31,0.46,3.48,10.02,20.25,1019.23,12.5,0,0.68,5.0,46653.7780015,0,0,1,1,2,0
19.35,8.49,234.0,9.87,0.33,3.03,9.45,19.35,1023.67,11.96,0,0.74,4.0,45813.8490005,0,0,1,1,2,0
22.08,11.38,231.0,10.36,0.27,3.2,11.38,22.08,1020.93,10.17,0,0.72,5.0,44623.7759995,0,0,1,1,2,0
13.28,5.04,329.0,3.07,0.51,3.42,7.05,13.28,1015.24,12.12,0,0.65,5.0,47263.0409986,0,0,2,3,0,3
10.36,1.82,6.0,1.85,0.39,2.7,4.02,10.36,1015.1,13.16,0,0.71,5.0,51258.5840004,0,1,2,0,0,1
11.59,1.61,233.0,0.63,0.27,3.27,1.61,11.59,1017.0,12.49,0,0.64,5.0,53862.8640085,0,1,2,0,0,3
13.41,4.92,266.0,2.25,0.45,4.51,7.98,13.41,1016.36,13.18,0,0.59,4.0,48768.2120002,0,0,2,0,0,3
13.71,4.3,42.0,2.28,0.22,2.84,5.94,13.71,1024.5,13.15,0,0.62,5.0,47582.5600032,0,0,1,1,2,3
16.32,2.32,50.0,1.83,0.26,2.95,4.42,16.32,1024.26,12.7,0,0.62,5.0,47309.0460002,0,0,1,1,2,3
16.96,3.39,52.0,-1.68,0.2,2.9,5.43,16.96,1022.7,15.34,0,0.43,5.0,46013.0669974,0,0,1,1,2,3
19.71,4.48,265.0,3.28,0.34,2.71,4.48,19.71,1019.76,14.76,0,0.56,5.0,45108.1870022,0,0,1,1,2,0
16.31,5.78,241.0,5.3,0.34,5.16,8.05,16.31,1017.3,13.24,0,0.64,4.0,47651.5549906,0,0,1,1,2,3
17.79,5.5,243.0,7.17,0.36,2.26,6.87,17.79,1021.76,12.91,0,0.68,4.0,47278.426001600004,0,0,1,1,2,0
20.99,10.48,187.0,8.15,0.22,1.13,10.48,20.99,1020.13,13.5,0,0.63,5.0,46434.924997,0,0,1,1,2,0
19.82,8.63,107.0,6.68,0.16,2.07,8.63,19.82,1016.51,14.19,0,0.6,5.0,44633.4899966,0,0,1,1,2,0
16.81,11.33,209.0,9.65,0.52,3.21,11.33,16.81,1007.4,9.8,0,0.77,4.0,45673.5389986,0,0,1,3,4,0
14.28,5.0,214.0,5.48,0.47,7.13,7.28,14.28,1008.69,11.97,0,0.71,4.0,46730.842000900004,0,1,2,3,4,3
17.17,10.2,237.0,7.43,0.63,6.74,10.2,17.17,1010.14,12.39,0,0.72,5.0,46183.2369974,0,0,1,1,2,0
13.18,4.29,245.0,5.99,0.56,4.83,7.06,13.18,1010.93,12.2,0,0.78,4.0,49813.407003,0,1,2,3,4,3
14.81,2.44,251.0,5.66,0.44,5.33,6.04,14.81,1014.56,12.05,0,0.76,6.0,52661.0220018,0,0,2,3,4,3
14.06,4.53,252.0,5.51,0.61,6.61,7.45,14.06,1011.68,11.93,0,0.68,5.0,47302.5409977,0,0,2,3,4,3
10.94,4.75,199.0,5.73,0.67,3.97,7.36,10.94,1003.62,11.38,0,0.8,4.0,49880.208003,0,1,2,3,4,1
13.64,2.67,216.0,4.12,0.71,5.86,7.0,13.64,994.19,11.97,0,0.71,4.0,49696.8950025,0,1,2,3,0,1
15.13,4.17,135.0,4.78,0.36,1.64,4.17,15.13,999.92,10.93,0,0.74,5.0,47418.2249983,0,1,2,3,0,3
11.3,6.9,27.0,5.77,0.6,2.35,7.2,11.3,1005.87,11.54,0,0.76,4.0,49470.9559934,0,1,2,3,4,2
14.56,7.62,293.0,5.68,0.59,1.94,9.12,14.56,1008.08,11.93,0,0.67,4.0,49077.0799979,0,0,1,3,4,0
17.85,8.56,32.0,7.71,0.32,2.12,8.91,17.85,1011.12,11.1,0,0.7,5.0,49511.2390027,0,0,1,1,2,0
16.87,11.38,335.0,11.42,0.81,3.7,11.38,16.87,1011.37,7.31,0,0.84,4.0,48351.195999100004,0,0,1,3,4,2
16.22,12.01,357.0,9.39,0.79,4.21,12.01,16.22,1015.56,10.78,0,0.78,4.0,46994.7080052,0,0,1,3,4,0
14.02,7.13,309.0,5.89,0.74,3.25,9.58,14.02,1018.45,11.68,0,0.7,4.0,47299.486992800004,0,0,1,3,4,3
10.26,3.51,316.0,1.88,0.49,4.18,6.27,10.26,1013.55,12.54,0,0.65,6.0,47683.3119982,0,1,2,0,0,3
8.21,1.79,301.0,4.4,0.65,2.24,5.43,6.24,1009.4,11.89,0,0.84,4.0,51219.038994200004,0,1,2,0,0,1
14.87,3.19,359.0,3.72,0.32,3.46,5.64,14.87,1020.26,12.21,0,0.67,5.0,47784.3899963,0,0,1,1,2,3
18.82,4.49,288.0,3.14,0.34,2.79,6.24,18.82,1018.43,14.76,0,0.55,6.0,45997.9829928,0,0,1,1,2,0
17.28,4.68,212.0,4.06,0.29,4.34,6.32,17.28,1009.15,13.63,0,0.58,6.0,45846.5759967,1,0,1,1,3,4
12.13,9.12,130.0,8.67,0.67,1.48,9.78,12.13,1000.65,9.37,0,0.86,4.0,48188.7600038,0,1,2,3,4,2
12.79,7.59,310.0,8.79,0.76,2.14,8.38,12.79,1004.27,9.24,0,0.87,4.0,48823.933996600004,0,1,2,3,4,2
14.69,10.79,351.0,10.28,0.94,3.44,10.79,14.69,1010.33,8.71,0,0.86,4.0,48466.1720009,0,0,1,3,4,2
21.68,11.27,340.0,10.44,0.54,3.45,11.27,21.68,1017.87,10.59,0,0.72,6.0,45172.680997,0,0,1,1,2,0
17.34,10.77,334.0,7.56,0.38,3.35,10.77,17.34,1022.85,12.7,0,0.65,5.0,45397.0310004,0,0,1,1,2,0
18.83,8.97,351.0,5.82,0.27,2.4,9.72,18.83,1028.53,13.42,0,0.59,5.0,46771.5870026,0,0,1,1,2,0
18.66,7.24,62.0,6.34,0.26,2.84,7.24,18.66,1031.47,13.28,0,0.66,6.0,43445.218998000004,0,0,1,1,2,0
20.07,6.1,44.0,6.01,0.27,4.16,7.64,20.07,1027.0,14.65,0,0.6,7.0,42933.613001800004,0,0,1,1,2,0
19.64,6.8,54.0,8.12,0.56,3.59,8.96,19.64,1021.53,13.31,0,0.71,5.0,42889.653,1,0,1,1,3,4
20.88,6.66,58.0,8.33,0.23,4.28,8.73,20.88,1021.53,13.34,0,0.68,3.0,42638.7359957,0,0,1,1,2,0
19.64,10.02,54.0,8.24,0.38,4.3,10.02,19.64,1023.0,14.39,0,0.66,6.0,43110.5379933,0,0,1,1,2,0
17.06,6.88,46.0,7.26,0.36,5.44,9.16,17.06,1021.44,12.44,0,0.69,6.0,44226.0709976,0,0,1,1,2,0
14.17,10.29,48.0,7.13,0.89,4.59,10.29,14.17,1016.69,12.38,0,0.72,4.0,48900.165002400005,0,0,1,3,4,2
14.56,10.61,79.0,6.35,0.95,1.67,10.61,14.56,1015.7,12.55,0,0.68,4.0,45814.022998500004,0,0,1,3,4,0
16.96,6.87,172.0,10.87,0.61,3.0,8.16,16.96,1013.81,10.46,0,0.83,4.0,45195.473001,0,0,1,3,4,2
16.96,14.16,211.0,13.22,0.93,5.94,14.16,17.01,1011.39,10.86,0,0.86,5.0,46263.9219968,0,0,1,3,4,0
17.59,12.96,234.0,10.14,0.78,6.8,12.96,17.59,1011.04,11.94,0,0.75,5.0,45641.2110016,0,0,1,3,4,0
18.81,7.72,205.0,8.18,0.45,4.12,9.13,18.81,1016.14,13.05,0,0.69,5.0,43819.0930009,0,0,1,1,2,0
16.27,11.01,228.0,9.15,0.42,6.04,11.01,16.27,1008.6,12.18,0,0.74,5.0,46185.260002,0,0,1,1,2,0
17.34,11.46,216.0,8.74,0.42,3.05,11.46,17.34,1013.64,12.62,0,0.71,5.0,47121.385001200004,0,0,1,1,2,0
20.4,12.87,69.0,9.59,0.5,4.6,12.87,20.4,1014.05,15.08,0,0.66,5.0,43902.5029975,0,0,1,1,2,0
20.33,13.33,85.0,13.19,0.4,0.97,13.33,20.37,1014.27,10.81,0,0.78,6.0,43804.633996000004,0,0,1,1,2,0
25.56,15.83,31.0,15.19,0.31,0.95,15.81,25.56,1014.65,9.82,0,0.76,6.0,42883.3100023,0,0,1,1,2,0
20.19,16.22,102.0,14.68,0.47,1.34,16.22,20.2,1012.05,6.71,0,0.81,4.0,43769.7700003,0,0,1,1,2,0
20.38,14.11,231.0,13.56,0.55,3.59,14.11,20.38,1010.05,10.03,0,0.81,5.0,43134.5129973,0,0,1,1,2,0
17.54,12.01,218.0,11.12,0.67,6.78,12.01,17.54,1007.11,11.33,0,0.81,5.0,44909.713997800005,0,0,1,3,4,0
16.51,12.62,257.0,10.42,0.7,6.28,12.62,16.51,1009.25,12.38,0,0.76,5.0,48059.8720016,0,0,1,1,4,0
16.1,10.62,290.0,7.04,0.52,4.16,10.62,16.1,1021.79,12.89,0,0.66,5.0,44903.1109997,0,0,1,1,2,0
18.76,11.26,319.0,6.54,0.42,1.95,11.26,18.76,1028.61,14.24,0,0.57,6.0,42825.0559966,0,0,1,1,2,0
20.61,10.14,295.0,8.75,0.42,1.98,10.14,20.61,1029.89,13.53,0,0.64,6.0,42881.5840013,0,0,1,1,2,0
19.23,12.2,298.0,9.39,0.54,2.69,12.2,19.23,1026.49,12.13,0,0.69,5.0,43255.8200011,0,0,1,1,2,0
20.16,12.56,277.0,13.92,0.93,3.46,12.56,20.25,1019.73,10.35,0,0.87,4.0,44240.8699978,0,0,1,3,4,0
21.19,13.42,312.0,9.2,0.35,3.36,13.42,21.19,1022.39,13.23,0,0.61,5.0,43248.4070051,0,0,1,1,2,0
25.17,14.92,251.0,13.17,0.32,4.28,14.92,25.17,1021.6,12.7,0,0.67,5.0,45147.1270028,0,0,1,1,2,0
19.78,13.89,262.0,9.34,0.44,3.94,13.89,19.78,1017.04,12.73,0,0.63,5.0,43296.2449997,0,0,1,1,2,0
17.5,11.84,203.0,9.93,0.6,3.08,11.84,17.5,1011.64,13.13,0,0.72,5.0,44011.5089956,0,0,1,1,2,0
19.69,14.31,257.0,13.0,0.83,3.67,14.31,19.69,1008.35,11.86,0,0.79,5.0,43704.1829993,0,0,1,1,2,0
22.89,12.48,240.0,13.32,0.44,3.97,12.48,22.89,1019.37,11.93,0,0.76,5.0,42716.3389981,0,0,1,1,2,0
24.62,12.63,116.0,11.66,0.29,0.63,12.63,24.62,1028.43,13.18,0,0.65,6.0,42417.8280002,0,0,1,1,2,0
26.47,13.48,113.0,12.57,0.12,1.34,13.48,26.47,1029.5,12.89,0,0.63,7.0,42522.758002,0,0,1,1,2,0
27.28,14.99,71.0,13.97,0.12,2.5,14.99,27.28,1031.56,10.98,0,0.66,6.0,44335.0749951,0,0,1,1,2,0
25.18,14.99,54.0,12.9,0.14,3.92,14.99,25.18,1032.66,13.5,0,0.65,6.0,42360.6389997,0,0,1,1,2,0
25.61,12.01,51.0,8.84,0.13,3.27,12.01,25.61,1028.39,14.68,0,0.57,6.0,41787.024996500004,0,0,1,1,2,0
23.19,13.36,41.0,11.16,0.22,3.88,13.36,23.19,1025.5,13.39,0,0.64,6.0,41692.4090008,0,0,1,1,2,0
21.69,11.99,50.0,8.64,0.37,3.65,11.99,21.69,1025.45,13.94,0,0.64,6.0,41310.23,0,0,1,1,2,0
23.92,12.01,54.0,11.49,0.39,1.84,12.01,23.92,1025.08,13.73,0,0.7,6.0,41510.4330024,0,0,1,1,2,0
29.16,15.01,52.0,15.26,0.11,0.86,15.01,29.24,1023.97,12.65,0,0.67,7.0,42184.634002800005,0,0,1,1,2,0
27.83,17.28,321.0,14.39,0.27,0.86,17.28,27.83,1023.66,12.5,0,0.61,5.0,44223.8579994,0,0,1,1,2,0
29.3,17.96,336.0,9.74,0.4,0.84,17.96,29.3,1023.14,14.66,0,0.45,5.0,42817.2879991,0,0,1,1,2,0
29.2,17.03,187.0,13.56,0.46,0.48,17.03,29.2,1022.88,14.87,0,0.56,5.0,42604.4040011,0,0,1,1,2,0
30.28,17.14,119.0,13.46,0.23,1.24,17.14,30.28,1023.84,14.52,0,0.54,6.0,42858.959001100004,0,0,1,1,2,0
27.56,17.5,65.0,13.54,0.18,3.24,17.5,27.56,1026.15,14.02,0,0.6,6.0,42464.6520019,0,0,1,1,2,0
27.27,15.62,70.0,12.44,0.18,4.26,15.62,27.27,1025.17,15.16,0,0.57,6.0,41817.8080006,0,0,1,1,2,0
22.49,16.34,63.0,14.4,0.51,4.37,16.34,22.49,1023.47,12.42,0,0.74,5.0,42544.009997,0,0,1,1,2,0
26.03,16.84,70.0,14.71,0.51,3.44,16.84,26.07,1019.71,11.64,0,0.71,5.0,43476.161998100004,0,0,1,1,2,0
32.16,17.29,113.0,15.81,0.28,1.62,17.21,32.16,1016.02,11.3,0,0.63,4.0,43396.918994600004,0,0,1,1,2,0
27.13,19.64,147.0,17.61,0.37,1.84,19.29,28.0,1013.38,12.1,0,0.74,5.0,43609.2619992,0,0,1,1,2,0
26.24,15.59,231.0,14.13,0.34,3.59,15.59,26.24,1014.24,12.89,0,0.67,6.0,41762.479998,0,0,1,1,2,0
25.13,16.86,202.0,15.38,0.45,3.05,16.63,25.13,1012.93,12.1,0,0.74,4.0,42269.8669966,0,0,1,1,2,0
26.19,15.26,221.0,12.7,0.37,1.6,15.26,26.19,1012.42,13.2,0,0.62,4.0,41272.6160034,0,0,1,1,2,0
27.28,14.82,119.0,13.92,0.26,0.63,14.82,27.37,1006.91,11.96,0,0.68,6.0,42765.6410025,0,0,1,1,2,0
23.14,15.34,215.0,13.99,0.44,5.02,15.34,23.14,1006.68,11.72,0,0.73,6.0,43384.0840028,0,0,1,1,2,0
22.36,16.48,216.0,14.19,0.55,5.42,16.48,22.36,1011.33,12.3,0,0.75,5.0,41870.4980022,0,0,1,1,2,0
20.91,15.7,219.0,15.21,0.49,3.99,15.64,21.02,1013.58,11.12,0,0.86,4.0,42351.0319964,0,0,1,1,2,0
23.56,16.49,223.0,15.78,0.55,4.47,16.49,23.77,1015.34,11.97,0,0.8,4.0,42139.0560031,0,0,1,1,2,0
32.4,17.18,159.0,16.92,0.2,3.68,16.98,32.42,1009.49,14.08,0,0.65,5.0,41868.8689983,0,0,1,1,2,0
24.64,17.44,214.0,15.13,0.42,3.89,17.41,24.68,1008.75,12.67,0,0.71,4.0,42222.8820014,0,0,1,1,2,0
23.17,15.36,220.0,13.17,0.34,4.85,15.36,23.17,1014.89,12.71,0,0.71,4.0,40935.212997200004,0,0,1,1,2,0
22.98,14.79,209.0,12.82,0.43,4.52,14.79,22.98,1019.02,12.67,0,0.7,4.0,42674.8480012,0,0,1,1,2,0
22.72,16.37,190.0,14.37,0.54,3.13,16.23,22.72,1012.36,12.59,0,0.76,4.0,42316.6739943,0,0,1,1,2,0
22.11,12.23,287.0,10.77,0.41,1.35,12.23,22.11,1015.69,13.53,0,0.68,4.0,40768.5489994,0,0,1,1,2,0
21.49,14.97,50.0,10.71,0.37,2.95,14.97,21.49,1014.33,13.49,0,0.64,4.0,40310.1559985,0,0,1,1,2,0
23.81,11.83,237.0,10.42,0.3,1.47,11.83,23.81,1019.26,13.52,0,0.63,6.0,40482.323001900004,0,0,1,1,2,0
23.85,15.72,261.0,12.55,0.48,3.0,15.68,23.85,1018.82,12.42,0,0.67,5.0,40622.9730012,0,0,1,1,2,0
21.73,14.1,278.0,8.98,0.49,2.82,14.1,21.73,1021.99,14.42,0,0.57,5.0,40681.170001800005,0,0,1,1,2,0
22.76,15.42,261.0,10.78,0.45,3.8,15.42,22.76,1018.13,13.97,0,0.62,5.0,42357.6160018,0,0,1,1,2,0
20.39,13.57,281.0,8.99,0.41,3.6,13.57,20.39,1016.89,14.11,0,0.61,4.0,41075.6940022,0,0,1,1,2,0
19.8,11.46,281.0,9.51,0.43,3.63,11.46,19.8,1021.59,13.5,0,0.69,4.0,40824.0860034,0,0,1,1,2,0
22.04,11.04,231.0,12.3,0.39,2.79,11.04,22.04,1022.81,12.23,0,0.78,4.0,40704.0489976,0,0,1,1,2,0
23.46,16.78,225.0,15.78,0.55,4.44,16.64,23.46,1018.77,10.88,0,0.79,4.0,41179.7599972,0,0,1,1,2,0
21.66,16.98,215.0,15.74,0.51,3.86,16.98,21.73,1015.02,11.81,0,0.84,3.0,41462.1129986,0,0,1,1,2,0
20.22,14.12,219.0,13.68,0.57,5.13,14.12,20.22,1012.65,11.1,0,0.82,3.0,42201.6129994,0,0,1,1,4,0
22.42,15.92,240.0,13.61,0.57,4.45,15.92,22.42,1009.48,12.76,0,0.73,3.0,43163.697004,0,0,1,1,2,0
22.02,12.68,292.0,9.32,0.27,3.25,12.68,22.02,1019.36,14.13,0,0.59,3.0,41085.0399987,0,0,1,1,2,0
23.53,12.16,235.0,9.7,0.37,1.6,12.16,23.53,1027.38,15.13,0,0.6,4.0,40333.4869972,0,0,1,1,2,0
25.57,12.72,231.0,11.59,0.38,2.36,12.72,25.57,1023.87,14.9,0,0.64,4.0,40445.9019979,0,0,1,1,2,0
21.13,16.81,132.0,16.62,0.36,1.09,16.54,21.34,1019.89,11.3,0,0.9,3.0,42334.7480017,0,0,1,1,2,0
26.03,16.49,107.0,15.58,0.11,3.34,16.34,26.03,1014.88,9.96,0,0.75,4.0,41079.6679953,0,0,1,1,2,0
19.51,14.94,310.0,15.99,0.56,2.57,14.94,19.59,1010.79,5.58,0,0.9,3.0,43389.0989942,0,0,1,3,4,2
22.74,13.18,18.0,14.34,0.5,2.66,13.18,22.74,1012.96,10.07,0,0.83,4.0,42626.035002900004,0,0,1,1,2,0
24.32,16.37,42.0,13.13,0.38,2.65,16.37,24.32,1018.33,11.27,0,0.69,4.0,42010.8499986,1,0,1,1,3,4
22.78,12.82,3.0,10.67,0.23,1.89,12.82,22.78,1018.6,11.3,0,0.69,4.0,41429.7189988,0,0,1,1,2,0
23.38,12.45,358.0,11.23,0.37,0.85,12.45,23.38,1022.24,11.52,0,0.69,4.0,41020.245001200004,0,0,1,1,2,0
23.19,14.16,257.0,9.62,0.31,2.75,14.16,23.19,1021.8,11.65,0,0.56,4.0,40691.383998000005,0,0,1,1,2,0
24.03,15.34,249.0,12.18,0.31,3.91,15.34,24.03,1019.63,12.78,0,0.64,3.0,41254.7219997,0,0,1,1,2,0
19.87,14.22,333.0,8.51,0.12,3.37,14.22,19.87,1025.01,13.86,0,0.6,4.0,41602.5709993,0,0,1,1,2,0
21.07,10.17,272.0,8.36,0.33,3.36,10.17,21.07,1029.46,14.79,0,0.63,3.0,44193.8689936,0,0,1,1,2,0
24.94,11.88,278.0,12.37,0.33,3.28,11.88,24.94,1027.0,14.03,0,0.7,3.0,42140.8519986,0,0,1,1,2,0
23.92,14.04,238.0,14.63,0.33,0.5,14.04,23.92,1027.04,12.67,0,0.76,3.0,42119.3969985,0,0,1,1,2,0
27.04,14.09,119.0,14.8,0.1,1.86,14.09,27.31,1021.14,11.2,0,0.75,4.0,42150.3659963,0,0,1,1,2,0
28.49,15.54,316.0,15.23,0.12,0.78,15.46,28.59,1011.32,9.08,0,0.71,4.0,42356.7659989,0,0,1,1,2,0
18.32,13.26,238.0,12.51,0.39,1.92,13.26,18.32,1008.5,11.17,0,0.81,2.0,43524.0459996,0,0,1,3,4,0
17.7,11.39,195.0,9.56,0.26,3.43,11.39,17.7,1013.82,12.6,0,0.75,4.0,43597.7489958,0,0,1,1,2,0
16.86,9.13,211.0,8.91,0.37,2.74,9.13,16.86,1017.99,12.57,0,0.8,2.0,46375.7689985,0,0,1,3,4,0
10.63,8.03,264.0,8.26,0.03,1.61,9.2,10.63,1018.08,10.3,0,0.88,4.0,46098.1719993,0,0,2,3,4,3
16.65,7.53,312.0,8.89,0.64,4.22,9.38,16.65,1020.2,11.54,0,0.77,2.0,45710.3169988,0,0,1,3,4,3
16.49,12.47,322.0,9.98,0.75,4.01,12.47,16.49,1020.96,11.72,0,0.77,2.0,46326.0059972,0,0,1,3,4,0
18.02,12.58,253.0,12.51,0.72,1.24,12.58,18.02,1019.29,9.24,0,0.87,2.0,44858.8449989,0,0,1,3,4,2
18.09,14.82,255.0,15.51,1.0,0.97,14.78,18.3,1017.09,5.91,0,0.95,2.0,46239.5889961,0,0,1,3,4,2
13.85,7.1,335.0,9.98,0.69,2.95,9.3,13.85,1015.54,9.64,0,0.89,2.0,48662.113000900004,0,1,2,3,4,2
15.36,5.13,233.0,9.32,0.41,4.65,6.72,15.36,1010.26,9.93,0,0.86,2.0,51764.037997700005,0,1,2,3,4,2
14.08,5.59,266.0,5.26,0.31,5.55,8.24,14.08,1002.85,13.55,0,0.67,2.0,46848.960999,0,1,2,0,0,3
13.7,5.6,243.0,8.37,0.61,3.33,8.19,13.7,1000.28,11.44,0,0.84,2.0,48356.3890017,0,1,2,3,4,2
15.18,10.77,302.0,8.8,0.61,3.44,10.77,15.18,1003.41,11.18,0,0.78,2.0,46463.7360012,0,0,1,3,4,2
15.84,6.46,239.0,9.46,0.49,3.76,8.33,15.86,1010.33,11.99,0,0.84,2.0,47636.1579948,0,1,2,3,4,2
18.41,8.16,276.0,9.13,0.51,2.45,9.84,18.41,1017.72,12.5,0,0.75,2.0,45972.8519972,0,0,1,3,4,0
18.18,10.33,220.0,12.37,0.56,2.8,10.33,18.24,1024.26,10.83,0,0.87,2.0,47219.2820001,0,0,1,3,4,2
18.84,14.25,253.0,15.16,0.69,1.96,14.25,18.89,1027.75,10.57,0,0.9,2.0,49646.826998100005,0,0,1,3,4,2
19.64,13.03,135.0,13.87,0.52,0.88,13.03,19.64,1024.98,9.43,0,0.89,2.0,46023.780994,0,0,1,3,4,2
21.47,11.53,93.0,13.61,0.17,1.18,11.53,21.47,1016.64,4.39,0,0.89,3.0,44462.8860029,0,0,1,3,4,2
20.87,13.67,73.0,14.34,0.36,0.51,13.67,20.87,1011.86,3.75,0,0.86,2.0,44673.7819967,0,0,1,3,4,2
18.88,13.12,73.0,11.82,0.51,3.1,13.12,18.88,1016.43,10.07,0,0.79,2.0,44338.3369967,0,0,1,3,4,0
16.99,10.58,85.0,10.18,0.36,3.45,10.58,16.99,1016.27,13.39,0,0.8,2.0,44472.9959994,0,0,1,3,4,0
18.36,12.43,81.0,11.73,0.17,4.46,12.43,18.36,1009.88,9.78,0,0.81,2.0,46951.956001800005,0,0,1,3,2,0
17.36,13.44,70.0,11.37,0.45,4.76,13.44,17.36,1006.89,12.25,0,0.79,2.0,49271.8100015,0,0,1,3,4,0
18.81,13.21,84.0,11.64,0.37,3.68,13.21,18.81,1006.77,12.6,0,0.79,2.0,46156.7279929,0,0,1,1,2,0
17.28,11.76,96.0,11.33,0.54,4.02,11.76,17.28,1009.02,9.11,0,0.82,2.0,46467.6999945,0,0,1,3,4,2
19.02,13.62,120.0,13.64,0.59,3.51,13.62,19.1,1010.58,7.87,0,0.87,2.0,46532.0869969,0,0,1,3,4,2
18.45,14.03,124.0,14.91,0.43,3.37,14.03,18.68,1008.9,7.03,0,0.93,2.0,46260.500998200005,0,0,1,3,4,2
20.82,15.23,208.0,15.39,0.62,4.04,15.23,20.84,1009.01,11.68,0,0.87,1.0,45333.3180008,0,0,1,3,4,0
17.94,13.67,279.0,13.26,0.49,1.58,13.67,17.94,1019.72,11.91,0,0.87,1.0,47665.2529932,0,0,1,3,4,0
19.19,8.76,237.0,10.39,0.41,1.53,8.76,19.19,1025.61,11.14,0,0.82,1.0,48815.6829929,0,0,1,3,4,2
18.57,10.37,234.0,12.14,0.47,2.43,10.37,18.57,1025.51,8.71,0,0.87,1.0,46587.564993500004,0,0,1,3,4,2
19.62,13.36,250.0,13.79,0.55,3.13,13.36,19.62,1024.75,10.3,0,0.85,1.0,45642.4619984,0,0,1,3,4,0
16.48,6.37,287.0,9.58,0.55,3.89,9.04,16.48,1019.97,12.46,0,0.76,1.0,46528.1420045,0,0,2,3,4,3
11.82,4.19,330.0,3.67,0.45,6.07,7.6,11.82,1018.36,12.41,0,0.68,1.0,48399.365994600004,0,1,2,0,0,3
13.16,5.62,13.0,8.97,0.77,5.86,8.66,13.16,1017.55,10.25,0,0.86,1.0,51432.2640017,0,1,2,3,4,2
14.17,7.6,49.0,8.53,0.43,2.36,8.46,14.17,1018.13,10.62,0,0.83,1.0,49981.2999966,0,1,2,3,4,2
11.47,6.46,281.0,8.92,0.58,3.78,8.87,11.47,1010.8,9.38,0,0.92,1.0,57096.8429915,0,1,2,3,4,2
11.34,6.28,239.0,8.1,0.66,3.71,8.62,11.34,1007.43,9.69,0,0.91,1.0,52210.6149993,0,1,2,3,4,2
12.58,6.51,289.0,8.44,0.45,2.97,8.75,12.58,1010.38,9.27,0,0.88,1.0,50149.861000100005,0,1,2,3,4,2
14.87,6.42,194.0,8.97,0.44,1.84,6.76,14.87,1010.46,7.15,0,0.91,1.0,51850.2390015,0,1,2,3,4,2
17.29,11.82,249.0,11.19,0.26,4.15,11.82,17.29,1013.27,12.36,0,0.84,1.0,49202.0200018,0,0,1,3,4,0
17.16,10.5,136.0,12.04,0.49,2.76,10.5,17.16,1014.16,8.75,0,0.91,1.0,48645.0380008,0,0,1,3,4,2
17.52,13.21,182.0,13.38,0.52,3.06,13.21,17.52,1005.58,11.31,0,0.91,1.0,50000.5289994,0,0,1,3,4,2
17.04,12.16,199.0,12.21,0.42,4.29,12.16,17.04,1005.32,11.57,0,0.89,1.0,52810.9950033,0,0,1,3,4,2
17.53,13.26,194.0,13.38,0.53,4.81,13.26,17.53,1005.88,11.25,0,0.87,1.0,49210.2499989,0,0,1,3,4,2
18.03,13.79,180.0,14.21,0.44,4.84,13.79,18.04,997.55,11.67,0,0.86,1.0,48383.3929996,0,0,1,3,4,0
16.53,8.92,226.0,10.86,0.34,5.29,9.99,16.53,998.6,12.42,0,0.8,1.0,47668.0809993,0,0,1,3,4,0
16.91,6.83,137.0,9.37,0.36,2.1,6.83,16.91,1013.45,12.05,0,0.86,1.0,47803.6019952,0,1,2,3,4,2
18.47,13.16,188.0,13.26,0.47,4.14,13.16,18.47,1005.16,10.91,0,0.86,1.0,47690.479997200004,0,0,1,3,4,0
16.66,14.34,215.0,12.75,0.49,6.35,14.34,16.66,1004.52,11.31,0,0.85,1.0,49944.5719998,0,0,1,3,4,0
15.87,11.66,225.0,10.34,0.32,7.05,11.66,15.87,996.66,11.18,0,0.81,1.0,52809.4089975,0,0,1,3,4,0
16.06,6.58,234.0,9.18,0.49,7.68,9.0,16.08,992.5,11.2,0,0.81,1.0,51343.9640055,0,1,2,3,4,1
12.38,4.43,256.0,5.21,0.25,4.77,6.86,12.38,1010.58,13.66,0,0.77,1.0,51495.4489974,0,1,2,0,0,1
13.57,2.27,219.0,6.24,0.33,3.67,4.47,13.57,1020.1,13.36,0,0.8,1.0,51565.5379972,0,1,2,0,0,3
13.11,11.61,217.0,10.68,0.74,4.42,11.61,13.11,1016.56,11.36,0,0.89,1.0,51755.8469997,0,1,2,3,4,2
13.97,11.48,203.0,10.82,0.55,2.95,11.48,13.97,1008.97,11.57,0,0.89,1.0,50984.8669965,0,0,2,3,4,2
15.08,10.27,230.0,8.58,0.43,4.55,10.27,15.08,998.6,9.46,0,0.82,1.0,51814.2470025,0,1,2,3,4,2
11.43,3.89,244.0,4.57,0.22,5.3,7.56,11.43,998.64,11.99,0,0.74,1.0,57352.4559956,0,1,2,0,0,1
9.98,2.11,319.0,4.38,0.29,2.94,4.78,8.24,991.64,11.14,0,0.82,1.0,53570.7540037,0,1,2,0,0,1
12.39,2.98,255.0,5.82,0.56,3.96,4.41,12.39,994.74,12.1,0,0.83,1.0,55565.3950008,0,1,2,0,0,1
14.87,6.77,231.0,9.99,0.62,4.86,9.31,14.87,999.46,10.19,0,0.88,1.0,54372.9959989,0,1,2,3,4,2
14.7,6.25,253.0,7.44,0.66,2.89,7.37,14.7,1006.38,13.9,0,0.83,1.0,52478.9319963,0,1,2,3,4,1
11.0,2.54,235.0,6.02,0.5,2.0,5.29,11.0,1005.53,12.1,0,0.9,1.0,54583.0729956,0,1,2,0,0,1
7.06,1.24,236.0,4.11,0.41,1.9,3.28,7.04,1006.05,11.43,0,0.9,1.0,58648.9969986,0,1,2,0,0,1
9.22,0.71,301.0,2.49,0.18,2.61,2.58,7.3,1015.79,12.68,0,0.79,1.0,59941.6370036,0,1,2,0,0,1
12.63,1.21,185.0,7.8,0.65,3.65,2.53,12.63,1022.52,7.81,0,0.91,1.0,57109.0319992,0,1,2,3,4,2
13.11,4.61,313.0,8.19,0.56,2.26,6.08,13.11,1026.13,9.91,0,0.85,1.0,53938.0300021,0,1,2,3,4,2
9.94,0.39,234.0,3.22,0.45,2.3,2.11,9.09,1032.0,12.99,0,0.82,1.0,55332.7299913,0,1,2,0,0,1
9.62,2.32,294.0,3.61,0.32,4.6,5.18,6.61,1023.75,13.18,0,0.74,1.0,55190.8940064,0,1,2,0,0,1
9.25,1.74,345.0,1.52,0.27,2.57,3.33,7.41,1032.71,13.12,0,0.72,1.0,55935.8089939,0,1,2,0,0,3
9.14,-0.1,272.0,3.66,0.35,1.4,1.38,8.36,1031.84,9.66,0,0.87,1.0,58534.834993000004,0,1,2,0,0,1
9.57,7.78,23.0,6.73,1.0,0.87,8.28,9.57,1024.24,6.41,0,0.87,1.0,61546.783997,0,1,2,3,4,2
9.3,5.02,278.0,7.23,0.98,1.77,7.37,8.54,1010.92,5.39,0,0.92,1.0,57231.4169989,0,1,2,3,4,2
6.78,-2.23,314.0,-0.34,0.19,3.57,0.6,4.33,1013.76,13.5,0,0.74,1.0,57394.553994400005,0,1,2,0,0,1
6.38,-4.81,263.0,0.72,0.52,3.41,-1.27,3.21,1003.95,12.18,0,0.85,1.0,61145.562999,0,1,2,0,0,1
7.91,-0.77,13.0,1.82,0.48,4.83,3.12,4.39,1004.26,11.96,0,0.78,1.0,60056.1880066,0,1,2,0,0,1
7.89,0.0,4.0,1.52,0.27,4.31,3.52,4.74,1017.66,12.36,0,0.76,1.0,59391.5020041,0,1,2,0,0,1
7.41,0.61,356.0,2.72,0.46,3.37,3.41,4.72,1024.21,11.2,0,0.82,1.0,60714.5909991,0,1,2,0,0,1
8.02,2.69,359.0,3.17,0.77,3.55,5.06,5.55,1030.42,11.78,0,0.78,1.0,63850.871006500005,0,1,2,0,0,1
7.29,1.89,349.0,2.08,0.73,3.33,4.54,4.63,1037.52,12.17,0,0.77,1.0,59434.0289997,0,1,2,0,0,1
7.23,1.08,315.0,0.86,0.47,2.17,2.93,5.77,1038.71,12.63,0,0.72,1.0,58795.5119999,0,1,2,0,0,1
10.32,4.12,276.0,6.37,0.88,1.35,5.78,10.32,1033.95,6.76,0,0.89,1.0,57991.2119972,0,1,2,3,4,2
9.9,7.97,324.0,6.94,0.96,1.23,8.08,9.38,1034.64,6.34,0,0.87,0.0,56715.4290047,0,1,2,3,4,2
10.18,2.99,280.0,4.59,0.62,4.4,6.56,10.18,1026.65,11.02,0,0.77,1.0,56413.782993600005,0,1,2,0,0,1
8.38,2.19,330.0,2.1,0.5,3.68,3.53,6.01,1027.3,12.46,0,0.73,1.0,59138.123997200004,0,1,2,0,0,1
9.42,0.21,308.0,3.48,0.55,1.02,2.43,8.59,1032.9,11.59,0,0.83,1.0,62882.797999200004,0,1,2,0,0,1
9.42,6.24,50.0,4.41,0.86,1.36,6.59,8.79,1033.95,10.7,0,0.79,0.0,57622.5689946,0,1,2,3,4,2
7.22,1.58,304.0,1.56,0.97,0.96,3.66,7.22,1029.5,11.99,0,0.72,0.0,58496.7819917,0,1,2,0,0,1
8.91,-0.58,276.0,2.22,0.56,2.87,2.35,6.66,1029.19,12.25,0,0.77,1.0,58200.034995,0,1,2,0,0,1
10.29,-2.54,262.0,0.94,0.44,6.12,1.08,10.29,1023.72,13.37,0,0.73,1.0,60576.4359997,0,1,2,0,0,1
7.85,-1.27,279.0,0.71,0.38,3.92,2.73,5.72,1027.65,12.67,0,0.7,1.0,59418.4969978,0,1,2,0,0,1
8.72,4.02,250.0,5.06,0.47,3.71,6.55,6.32,1026.6,11.78,0,0.85,1.0,61052.220995,0,1,2,0,0,1
11.24,2.53,241.0,5.36,0.35,4.56,5.09,11.24,1025.35,12.87,0,0.83,1.0,61864.452009500004,0,1,2,0,0,1
11.01,3.17,227.0,5.74,0.32,2.69,5.06,11.01,1028.84,10.73,0,0.89,1.0,57465.231998,0,1,2,0,0,1
9.03,2.06,173.0,3.99,0.23,1.35,2.06,7.65,1031.32,4.49,0,0.91,1.0,58189.2910039,0,1,2,0,0,2
6.4,0.46,130.0,2.51,0.03,1.45,2.06,6.34,1029.46,3.48,0,0.93,1.0,59826.4030003,0,1,2,0,0,2
8.98,-0.88,185.0,4.39,0.16,2.28,1.52,7.28,1024.86,3.14,0,0.94,1.0,59475.3019981,0,1,2,0,0,2
11.73,5.42,199.0,7.79,0.51,3.44,8.15,11.73,1019.67,9.45,0,0.85,1.0,58225.148996100004,0,1,2,3,4,2
11.33,1.16,218.0,5.16,0.35,5.45,3.79,11.33,1022.45,12.73,0,0.81,1.0,59997.778994,0,1,2,0,0,1
12.54,6.2,207.0,9.59,0.68,6.12,8.11,12.54,1019.25,9.14,0,0.91,0.0,62636.063996100005,0,1,2,3,4,2
12.89,6.56,218.0,9.68,0.88,5.57,7.95,12.89,1016.66,10.36,0,0.89,0.0,57067.842003000005,0,1,2,3,4,2
7.4,2.72,58.0,4.36,0.6,1.29,4.61,7.08,1021.59,9.61,0,0.9,0.0,58089.9820005,0,1,2,0,0,2
10.29,2.42,194.0,6.47,0.64,5.85,5.01,10.29,1007.83,9.7,0,0.88,0.0,57742.6080036,0,1,2,0,0,1
9.7,0.55,229.0,3.06,0.36,3.99,3.68,7.07,1002.06,13.89,0,0.78,1.0,58491.814004500004,0,1,2,0,0,1
10.42,-0.66,219.0,3.15,0.36,5.52,2.63,10.42,1018.73,13.82,0,0.79,1.0,58721.900993100004,0,1,2,0,0,1
11.95,5.58,213.0,8.34,0.86,8.91,9.41,11.95,1012.62,9.66,0,0.86,0.0,61953.629004,0,1,2,3,4,2
10.07,1.58,234.0,3.57,0.25,5.66,4.81,10.07,1009.77,12.68,0,0.73,1.0,60987.875000600005,0,1,2,0,0,1
11.95,2.07,199.0,6.53,0.58,8.48,5.14,11.95,998.59,9.98,0,0.84,0.0,61532.628998500004,0,1,2,0,0,1
11.93,2.68,212.0,5.42,0.4,6.67,5.43,11.93,979.52,10.86,0,0.81,1.0,61178.4150001,0,1,2,0,0,1
7.19,0.23,194.0,2.57,0.03,2.47,3.74,4.98,984.66,12.36,0,0.85,1.0,64006.1479912,1,1,2,0,3,4
7.64,-0.06,219.0,2.86,0.49,2.27,2.87,4.53,995.06,9.8,0,0.92,0.0,59479.846002900005,1,1,2,0,3,4
10.99,3.68,214.0,4.83,0.37,7.86,7.47,10.99,986.81,11.43,0,0.75,1.0,59522.7379964,0,1,2,0,0,1
7.81,0.77,230.0,1.72,0.11,3.17,2.86,5.34,997.47,13.45,0,0.77,1.0,58067.1689999,0,1,2,0,0,1
7.56,-2.77,230.0,1.34,0.12,3.07,0.72,4.44,1014.89,14.08,0,0.84,1.0,61101.243995000004,0,1,2,0,0,1
10.22,4.21,201.0,5.98,0.55,6.58,6.4,10.22,1010.88,11.35,0,0.83,0.0,60284.8539984,0,1,2,0,0,1
10.36,2.79,185.0,5.77,0.59,4.72,5.77,10.36,1004.27,12.13,0,0.85,0.0,60749.0640059,0,1,2,0,0,1
10.75,3.36,215.0,6.02,0.4,4.89,6.54,10.75,993.31,12.23,0,0.82,1.0,57250.2939977,0,1,2,0,0,1
10.49,2.77,217.0,5.08,0.4,7.66,7.01,10.49,994.51,10.93,0,0.78,1.0,58605.6240005,0,1,2,0,0,1
9.58,1.16,203.0,5.21,0.61,4.46,4.06,6.66,993.71,11.27,0,0.84,0.0,61162.9959947,0,1,2,0,0,1
11.96,-0.88,192.0,3.88,0.44,4.4,1.72,11.96,1000.02,11.67,0,0.87,1.0,64330.109001000004,0,1,2,0,0,1
12.57,5.91,217.0,7.64,0.58,8.3,9.34,12.57,994.61,10.67,0,0.78,1.0,58194.8419974,0,1,2,3,4,1
11.38,5.34,218.0,6.63,0.59,7.3,8.98,11.38,1003.19,11.36,0,0.78,1.0,57479.2599903,0,1,2,3,4,1
11.62,4.53,204.0,7.02,0.5,4.15,7.37,11.62,1011.94,11.99,0,0.85,1.0,56131.369998400005,0,1,2,3,4,1
12.01,1.6,245.0,4.86,0.39,6.03,4.86,12.01,1006.3,12.63,0,0.77,1.0,56509.663004400005,0,1,2,0,0,1
10.14,0.34,219.0,4.11,0.4,3.56,2.68,10.14,1014.26,13.0,0,0.85,1.0,57157.208998,0,1,2,0,0,1
8.59,1.02,263.0,3.31,0.2,2.68,1.02,5.91,1018.51,12.05,0,0.81,1.0,58618.0080082,0,1,2,0,0,1
8.91,-1.79,147.0,2.78,0.46,3.25,0.38,6.06,1016.63,8.27,0,0.9,1.0,64820.1299977,0,1,2,0,0,1
9.72,2.68,207.0,4.52,0.37,4.0,5.42,6.98,1005.09,12.44,0,0.83,1.0,57754.6619965,0,1,2,0,0,1
6.82,-1.16,247.0,1.69,0.29,2.5,2.05,4.15,1004.33,13.08,0,0.81,1.0,57586.0319887,0,1,2,0,0,1
11.19,2.89,198.0,7.91,0.77,4.63,6.41,11.19,998.57,9.85,0,0.9,1.0,56830.2200003,0,1,2,3,4,2
10.72,3.91,191.0,6.13,0.58,5.01,7.27,10.72,990.5,11.72,0,0.83,1.0,55616.612011000005,0,1,2,0,0,1
8.47,2.83,201.0,5.32,0.47,4.68,6.43,5.71,990.8,11.7,0,0.87,1.0,56551.3629982,0,1,2,0,0,1
9.99,4.83,143.0,5.81,0.35,4.34,7.58,7.53,991.61,11.81,0,0.83,1.0,58633.483996200004,0,1,2,0,0,1
9.37,2.11,203.0,3.55,0.33,1.72,3.34,7.39,995.52,12.54,0,0.8,1.0,53910.9060006,0,1,2,0,0,1
8.44,1.3,211.0,2.59,0.17,0.2,1.3,8.44,1007.71,9.64,0,0.89,1.0,57874.559995,0,1,2,0,0,1
7.66,1.97,157.0,2.76,0.37,2.19,1.97,6.26,1010.13,6.36,0,0.89,1.0,57671.690004100004,0,1,2,0,0,2
10.02,3.08,196.0,5.54,0.69,2.13,6.12,10.02,1006.71,10.2,0,0.87,1.0,56392.1270009,0,1,2,3,4,2
8.44,0.25,270.0,2.54,0.32,3.98,3.35,4.93,1012.39,11.49,0,0.82,1.0,57338.300004900004,0,1,2,0,0,1
8.01,0.19,166.0,2.88,0.54,2.43,2.76,5.72,1013.91,11.99,0,0.83,1.0,57825.2729999,0,1,2,0,0,1
11.77,1.76,254.0,5.34,0.44,4.0,5.68,11.77,1012.46,8.71,0,0.83,1.0,58894.104003600005,0,1,2,0,0,1
9.03,-1.3,233.0,2.39,0.4,4.55,3.26,5.99,1002.1,11.97,0,0.79,1.0,64526.6399964,0,1,2,0,0,1
7.95,-2.02,234.0,1.44,0.38,5.29,2.56,4.34,989.87,12.68,0,0.79,1.0,59568.6180055,0,1,2,0,0,1
9.12,1.96,180.0,3.59,0.61,4.32,5.03,6.34,985.33,11.94,0,0.83,1.0,57450.0910067,0,1,2,0,0,1
5.46,0.18,97.0,3.05,0.93,4.25,3.72,2.53,993.99,9.53,0,0.9,1.0,59770.9330015,0,1,2,0,0,1
5.94,0.61,65.0,3.08,0.81,1.52,3.0,5.86,1001.76,6.63,0,0.91,1.0,59162.0099981,0,1,2,0,0,2
8.83,0.29,177.0,3.93,0.73,4.74,1.97,5.27,998.51,7.08,0,0.91,1.0,60013.1199968,0,1,2,0,0,1
9.72,1.1,217.0,3.18,0.19,6.97,4.83,6.86,990.08,11.6,0,0.76,1.0,59243.8339966,0,1,2,0,0,1
9.3,3.21,221.0,2.63,0.22,4.75,5.79,6.48,1005.39,12.89,0,0.72,1.0,60994.7299962,0,1,2,0,0,1
7.99,1.96,139.0,2.86,0.47,4.92,4.97,4.59,1003.89,12.5,0,0.79,1.0,56975.3379998,0,1,2,0,0,1
8.88,1.12,172.0,2.69,0.42,5.3,4.22,5.63,996.87,12.05,0,0.75,1.0,56043.7969914,0,1,2,0,0,1
9.64,1.03,193.0,4.06,0.73,7.86,5.54,5.86,982.2,10.91,0,0.77,1.0,57543.541998400004,0,1,2,0,0,1
9.81,1.96,198.0,4.96,0.67,4.98,5.86,7.34,989.9,10.53,0,0.82,1.0,57719.169005100004,0,1,2,0,0,1
9.81,-0.86,235.0,4.16,0.63,3.98,4.13,8.44,988.77,10.85,0,0.79,1.0,55300.4840033,0,1,2,0,0,1
9.13,2.19,207.0,3.99,0.47,8.53,6.81,5.67,979.25,11.2,0,0.77,1.0,58297.7049988,0,1,2,0,0,1
8.18,1.38,231.0,0.82,0.52,8.05,4.78,3.91,984.71,12.71,0,0.66,1.0,61441.9410144,0,1,2,0,0,1
8.78,0.89,232.0,3.01,0.55,1.66,4.08,7.07,992.84,11.81,0,0.84,1.0,56715.1219991,0,1,2,0,0,1
7.51,-0.57,223.0,1.32,0.41,4.62,2.77,4.06,996.66,12.39,0,0.76,1.0,57641.183997500004,0,1,2,0,0,1
8.83,-1.2,210.0,1.94,0.59,7.24,3.03,4.73,994.27,11.8,0,0.75,1.0,58757.5489905,0,1,2,0,0,1
7.37,0.05,240.0,-0.01,0.36,5.83,4.09,3.42,992.43,13.04,0,0.68,1.0,56755.97,0,1,2,0,0,1
12.02,0.45,186.0,3.99,0.67,6.6,3.47,12.02,990.31,11.17,0,0.81,1.0,59450.896004400005,0,1,2,0,0,1
9.9,1.77,233.0,2.95,0.35,9.96,5.38,5.79,988.63,12.38,0,0.69,1.0,57670.6669987,0,1,2,0,0,1
9.98,-1.03,235.0,1.76,0.13,3.34,2.34,7.88,1006.7,12.78,0,0.76,2.0,58119.2739963,0,1,2,0,0,1
10.67,2.84,175.0,5.02,0.56,4.07,4.89,10.67,1007.8,10.32,0,0.83,1.0,55073.5029968,0,1,2,0,0,1
10.13,3.83,201.0,6.23,0.57,3.06,5.85,10.13,1008.67,11.49,0,0.87,1.0,54006.5269896,0,1,2,0,0,1
10.13,2.65,228.0,5.62,0.64,3.29,5.19,10.13,1011.57,9.95,0,0.87,1.0,53458.515000600004,0,1,2,0,0,2
12.5,3.95,216.0,7.23,0.61,5.38,6.34,12.5,1001.54,10.61,0,0.84,1.0,52932.619996400004,0,1,2,3,4,1
10.15,0.19,233.0,1.83,0.22,5.42,3.59,10.15,1003.42,13.31,0,0.72,1.0,52632.704997,0,1,2,0,0,1
11.63,1.59,228.0,2.64,0.25,4.77,4.72,11.63,1009.09,13.07,0,0.71,2.0,53945.8680008,0,1,2,0,0,1
11.94,5.53,200.0,6.17,0.66,7.1,8.67,11.94,1010.37,12.33,0,0.76,1.0,57379.092994800005,0,1,2,3,4,1
14.23,5.52,183.0,6.03,0.5,5.02,7.99,14.23,1005.19,13.0,0,0.74,1.0,51994.5470041,0,1,2,3,4,1
11.43,3.89,202.0,5.06,0.62,5.69,6.79,11.43,1000.65,12.09,0,0.78,1.0,51423.508001400005,0,1,2,0,0,1
11.29,1.67,227.0,2.74,0.26,3.82,4.17,11.29,1012.73,13.0,0,0.73,2.0,50943.3059946,0,1,2,0,0,1
10.31,1.41,224.0,3.08,0.32,4.14,3.93,10.31,1007.02,12.04,0,0.74,2.0,51678.1859978,0,1,2,0,0,1
7.35,0.82,61.0,3.11,0.67,2.24,3.43,4.51,998.92,10.8,0,0.86,1.0,1042.2659999,0,1,2,0,0,3
